voyage_id,sampling_method,site_id,replicate_id,vial_id,sample_id,sampling_date,time_start_local,time_end_local,_latitude_d,_latitude_m,_longitude_d,_longitude_m,latitude_dd,longitude_dd,Group,EEZ,Project,site_depth_m,sample_depth_m,swell_m,wind_kt,sampling_method,filtration_device,volume_filtered_L,sampling_comments,sampling_personnel,digestion_date,digestion_personnel,extraction_date ,extraction_personnel,lab_comments,water_rinse_control,water_DI_control,bleach_control,extraction_blank,no_template_control,project,eDNA_template_plate,qPCR_plate
V10_CKI,U,1,1,U_1_1,V10_CKI_U_1_1,19/11/2022,7:00:00 PM,8:30:00 PM,28,40.303,111,26.447,-28.67171667,111.4407833,EEZ,Inside,Project_1,5400,10,3,20,underway in-line,sentino peristaltic,2,,MA/ST/ER,20/11/2022,Marcelle,21/11/2022,Marcelle ,,V10_CKI_U_1_WC,V10_CKI_U_1_DI,V10_CKI_BC_1,V10_CKI_EB_1,NTC1,I,Plate 1,1
V10_CKI,U,1,2,U_1_2,V10_CKI_U_1_2,19/11/2022,7:00:00 PM,8:30:00 PM,28,40.303,111,26.447,-28.67171667,111.4407833,EEZ,Inside,Project_1,5400,10,3,20,underway in-line,sentino peristaltic,2,,MA/ST/ER,20/11/2022,Marcelle,21/11/2022,Marcelle ,,V10_CKI_U_1_WC,V10_CKI_U_1_DI,V10_CKI_BC_1,V10_CKI_EB_1,NTC1,I,Plate 1,1
V10_CKI,U,1,3,U_1_3,V10_CKI_U_1_3,19/11/2022,7:00:00 PM,8:30:00 PM,28,40.303,111,26.447,-28.67171667,111.4407833,EEZ,Inside,Project_1,5400,10,3,20,underway in-line,sentino peristaltic,2,,MA/ST/ER,20/11/2022,Marcelle,21/11/2022,Marcelle ,,V10_CKI_U_1_WC,V10_CKI_U_1_DI,V10_CKI_BC_1,V10_CKI_EB_1,NTC1,I,Plate 1,1
V10_CKI,U,1,4,U_1_4,V10_CKI_U_1_4,19/11/2022,7:00:00 PM,8:30:00 PM,28,40.303,111,26.447,-28.67171667,111.4407833,EEZ,Inside,Project_1,5400,10,3,20,underway in-line,sentino peristaltic,2,,MA/ST/ER,20/11/2022,Marcelle,21/11/2022,Marcelle ,,V10_CKI_U_1_WC,V10_CKI_U_1_DI,V10_CKI_BC_1,V10_CKI_EB_1,NTC1,I,Plate 1,1
V10_CKI,U,1,5,U_1_5,V10_CKI_U_1_5,19/11/2022,7:00:00 PM,8:30:00 PM,28,40.303,111,26.447,-28.67171667,111.4407833,EEZ,Inside,Project_1,5400,10,3,20,underway in-line,sentino peristaltic,2,,MA/ST/ER,20/11/2022,Marcelle,21/11/2022,Marcelle ,,V10_CKI_U_1_WC,V10_CKI_U_1_DI,V10_CKI_BC_1,V10_CKI_EB_1,NTC1,I,Plate 1,1
V10_CKI,U,1,WC,U_1_WC,V10_CKI_U_1_WC,19/11/2022,7:00:00 PM,8:30:00 PM,28,40.303,111,26.447,-28.67171667,111.4407833,,,,NA,NA,NA,NA,NA,sentino peristaltic,1,,MA/ST/ER,20/11/2022,Marcelle,21/11/2022,Marcelle ,,,,V10_CKI_BC_1,V10_CKI_EB_1,NTC1,I,Plate 1,1
V10_CKI,U,1,DI,U_1_DI,V10_CKI_U_1_DI,19/11/2022,7:00:00 PM,8:30:00 PM,28,40.303,111,26.447,-28.67171667,111.4407833,,,,NA,NA,NA,NA,NA,sentino peristaltic,1,,MA/ST/ER,20/11/2022,Marcelle,21/11/2022,Marcelle ,,,,V10_CKI_BC_1,V10_CKI_EB_1,NTC1,I,Plate 1,1
V10_CKI,N,1,1,N_1_1,V10_CKI_N_1_1,19/11/2022,7:00:00 PM,8:30:00 PM,28,40.303,111,26.447,-28.67171667,111.4407833,EEZ,Inside,Project_1,5400,10,3,20,manual niskin,sentino peristaltic,2,,MA/ST/ER,20/11/2022,Marcelle,21/11/2022,Marcelle ,,V10_CKI_N_1_WC,V10_CKI_N_1_DI,V10_CKI_BC_1,V10_CKI_EB_1,NTC1,I,Plate 1,1
V10_CKI,N,1,2,N_1_2,V10_CKI_N_1_2,19/11/2022,7:00:00 PM,8:30:00 PM,28,40.303,111,26.447,-28.67171667,111.4407833,EEZ,Inside,Project_1,5400,10,3,20,manual niskin,sentino peristaltic,2,,MA/ST/ER,20/11/2022,Marcelle,21/11/2022,Marcelle ,,V10_CKI_N_1_WC,V10_CKI_N_1_DI,V10_CKI_BC_1,V10_CKI_EB_1,NTC1,I,Plate 1,1
V10_CKI,N,1,3,N_1_3,V10_CKI_N_1_3,19/11/2022,7:00:00 PM,8:30:00 PM,28,40.303,111,26.447,-28.67171667,111.4407833,EEZ,Inside,Project_1,5400,10,3,20,manual niskin,sentino peristaltic,2,,MA/ST/ER,20/11/2022,Marcelle,21/11/2022,Marcelle ,,V10_CKI_N_1_WC,V10_CKI_N_1_DI,V10_CKI_BC_1,V10_CKI_EB_1,NTC1,I,Plate 1,1
V10_CKI,N,1,4,N_1_4,V10_CKI_N_1_4,19/11/2022,7:00:00 PM,8:30:00 PM,28,40.303,111,26.447,-28.67171667,111.4407833,EEZ,Inside,Project_1,5400,10,3,20,manual niskin,sentino peristaltic,2,,MA/ST/ER,20/11/2022,Marcelle,21/11/2022,Marcelle ,,V10_CKI_N_1_WC,V10_CKI_N_1_DI,V10_CKI_BC_1,V10_CKI_EB_1,NTC1,I,Plate 1,1
V10_CKI,N,1,5,N_1_5,V10_CKI_N_1_5,19/11/2022,7:00:00 PM,8:30:00 PM,28,40.303,111,26.447,-28.67171667,111.4407833,EEZ,Inside,Project_1,5400,10,3,20,manual niskin,sentino peristaltic,2,,MA/ST/ER,20/11/2022,Marcelle,21/11/2022,Marcelle ,,V10_CKI_N_1_WC,V10_CKI_N_1_DI,V10_CKI_BC_1,V10_CKI_EB_1,NTC1,I,Plate 1,1
V10_CKI,N,1,WC,N_1_WC,V10_CKI_N_1_WC,19/11/2022,7:00:00 PM,8:30:00 PM,28,40.303,111,26.447,-28.67171667,111.4407833,,,,NA,NA,NA,NA,NA,sentino peristaltic,1,,MA/ST/ER,20/11/2022,Marcelle,21/11/2022,Marcelle ,,,,V10_CKI_BC_1,V10_CKI_EB_1,NTC1,I,Plate 1,1
V10_CKI,N,1,DI,N_1_DI,V10_CKI_N_1_DI,19/11/2022,7:00:00 PM,8:30:00 PM,28,40.303,111,26.447,-28.67171667,111.4407833,,,,NA,NA,NA,NA,NA,sentino peristaltic,1,,MA/ST/ER,20/11/2022,Marcelle,21/11/2022,Marcelle ,,,,V10_CKI_BC_1,V10_CKI_EB_1,NTC1,I,Plate 1,1
V10_CKI,X,X,BC,BC_1,V10_CKI_BC_1,19/11/2022,NA,NA,NA,NA,NA,NA,NA,NA,,,,NA,NA,NA,NA,NA,sentino peristaltic,1,,MA/ST/ER,20/11/2022,Marcelle,21/11/2022,Marcelle ,,,,,V10_CKI_EB_1,NTC1,I,Plate 1,1
V10_CKI,U,2,1,U_2_1,V10_CKI_U_2_1,20/11/2022,7:00:00 AM,8:30:00 AM,27,24.766,109,52.142,-27.41276667,109.8690333,EEZ,Inside,Project_1,5669,10,2.5-3,15-20,underway in-line,sentino peristaltic,2,,MA/ST/ER,20/11/2022,Marcelle,21/11/2022,Marcelle ,,V10_CKI_U_2_WC,V10_CKI_U_2_DI,V10_CKI_BC_2,V10_CKI_EB_1,NTC1,I,Plate 1,1
V10_CKI,U,2,2,U_2_2,V10_CKI_U_2_2,20/11/2022,7:00:00 AM,8:30:00 AM,27,24.766,109,52.142,-27.41276667,109.8690333,EEZ,Inside,Project_1,5669,10,2.5-3,15-20,underway in-line,sentino peristaltic,2,,MA/ST/ER,20/11/2022,Marcelle,21/11/2022,Marcelle ,,V10_CKI_U_2_WC,V10_CKI_U_2_DI,V10_CKI_BC_2,V10_CKI_EB_1,NTC1,I,Plate 1,1
V10_CKI,U,2,3,U_2_3,V10_CKI_U_2_3,20/11/2022,7:00:00 AM,8:30:00 AM,27,24.766,109,52.142,-27.41276667,109.8690333,EEZ,Inside,Project_1,5669,10,2.5-3,15-20,underway in-line,sentino peristaltic,2,,MA/ST/ER,20/11/2022,Marcelle,21/11/2022,Marcelle ,,V10_CKI_U_2_WC,V10_CKI_U_2_DI,V10_CKI_BC_2,V10_CKI_EB_1,NTC1,I,Plate 1,1
V10_CKI,U,2,4,U_2_4,V10_CKI_U_2_4,20/11/2022,7:00:00 AM,8:30:00 AM,27,24.766,109,52.142,-27.41276667,109.8690333,EEZ,Inside,Project_1,5669,10,2.5-3,15-20,underway in-line,sentino peristaltic,2,,MA/ST/ER,20/11/2022,Marcelle,21/11/2022,Marcelle ,,V10_CKI_U_2_WC,V10_CKI_U_2_DI,V10_CKI_BC_2,V10_CKI_EB_1,NTC1,I,Plate 1,1
V10_CKI,U,2,5,U_2_5,V10_CKI_U_2_5,20/11/2022,7:00:00 AM,8:30:00 AM,27,24.766,109,52.142,-27.41276667,109.8690333,EEZ,Inside,Project_1,5669,10,2.5-3,15-20,underway in-line,sentino peristaltic,2,,MA/ST/ER,20/11/2022,Marcelle,21/11/2022,Marcelle ,,V10_CKI_U_2_WC,V10_CKI_U_2_DI,V10_CKI_BC_2,V10_CKI_EB_1,NTC1,I,Plate 1,1
V10_CKI,U,2,WC,U_2_WC,V10_CKI_U_2_WC,20/11/2022,7:00:00 AM,8:30:00 AM,27,24.766,109,52.142,-27.41276667,109.8690333,,,,NA,NA,NA,NA,NA,sentino peristaltic,1,,MA/ST/ER,20/11/2022,Marcelle,21/11/2022,Marcelle ,,,,V10_CKI_BC_2,V10_CKI_EB_1,NTC1,I,Plate 1,1
V10_CKI,U,2,DI,U_2_DI,V10_CKI_U_2_DI,20/11/2022,7:00:00 AM,8:30:00 AM,27,24.766,109,52.142,-27.41276667,109.8690333,,,,NA,NA,NA,NA,NA,sentino peristaltic,1,,MA/ST/ER,20/11/2022,Marcelle,21/11/2022,Marcelle ,,,,V10_CKI_BC_2,V10_CKI_EB_1,NTC1,I,Plate 1,1
V10_CKI,N,2,1,N_2_1,V10_CKI_N_2_1,20/11/2022,7:00:00 AM,8:30:00 AM,27,24.766,109,52.142,-27.41276667,109.8690333,EEZ,Inside,Project_1,5669,10,2.5-3,15-20,manual niskin,sentino peristaltic,1,,MA/ST/ER,20/11/2022,Marcelle,21/11/2022,Marcelle ,,V10_CKI_N_2_WC,V10_CKI_N_2_DI,V10_CKI_BC_2,V10_CKI_EB_1,NTC1,I,Plate 1,1
V10_CKI,N,2,2,N_2_2,V10_CKI_N_2_2,20/11/2022,7:00:00 AM,8:30:00 AM,27,24.766,109,52.142,-27.41276667,109.8690333,EEZ,Inside,Project_1,5669,10,2.5-3,15-20,manual niskin,sentino peristaltic,2,,MA/ST/ER,20/11/2022,Marcelle,21/11/2022,Marcelle ,,V10_CKI_N_2_WC,V10_CKI_N_2_DI,V10_CKI_BC_2,V10_CKI_EB_1,NTC1,I,Plate 1,1
V10_CKI,N,2,3,N_2_3,V10_CKI_N_2_3,20/11/2022,7:00:00 AM,8:30:00 AM,27,24.766,109,52.142,-27.41276667,109.8690333,EEZ,Inside,Project_1,5669,10,2.5-3,15-20,manual niskin,sentino peristaltic,2,,MA/ST/ER,20/11/2022,Marcelle,21/11/2022,Marcelle ,,V10_CKI_N_2_WC,V10_CKI_N_2_DI,V10_CKI_BC_2,V10_CKI_EB_1,NTC1,I,Plate 1,1
V10_CKI,N,2,4,N_2_4,V10_CKI_N_2_4,20/11/2022,7:00:00 AM,8:30:00 AM,27,24.766,109,52.142,-27.41276667,109.8690333,EEZ,Inside,Project_1,5669,10,2.5-3,15-20,manual niskin,sentino peristaltic,2,,MA/ST/ER,20/11/2022,Marcelle,21/11/2022,Marcelle ,,V10_CKI_N_2_WC,V10_CKI_N_2_DI,V10_CKI_BC_2,V10_CKI_EB_1,NTC1,I,Plate 1,1
V10_CKI,N,2,5,N_2_5,V10_CKI_N_2_5,20/11/2022,7:00:00 AM,8:30:00 AM,27,24.766,109,52.142,-27.41276667,109.8690333,EEZ,Inside,Project_1,5669,10,2.5-3,15-20,manual niskin,sentino peristaltic,2,,MA/ST/ER,20/11/2022,Marcelle,21/11/2022,Marcelle ,,V10_CKI_N_2_WC,V10_CKI_N_2_DI,V10_CKI_BC_2,V10_CKI_EB_1,NTC1,I,Plate 1,1
V10_CKI,N,2,WC,N_2_WC,V10_CKI_N_2_WC,20/11/2022,7:00:00 AM,8:30:00 AM,27,24.766,109,52.142,-27.41276667,109.8690333,,,,NA,NA,NA,NA,NA,sentino peristaltic,1,,MA/ST/ER,20/11/2022,Marcelle,21/11/2022,Marcelle ,,,,V10_CKI_BC_2,V10_CKI_EB_1,NTC1,I,Plate 1,1
V10_CKI,N,2,DI,N_2_DI,V10_CKI_N_2_DI,20/11/2022,7:00:00 AM,8:30:00 AM,27,24.766,109,52.142,-27.41276667,109.8690333,,,,NA,NA,NA,NA,NA,sentino peristaltic,1,,MA/ST/ER,20/11/2022,Marcelle,21/11/2022,Marcelle ,,,,V10_CKI_BC_2,V10_CKI_EB_1,NTC1,I,Plate 1,1
V10_CKI,N,3,1,N_3_1,V10_CKI_N_3_1,20/11/2022,1:00:00 PM,3:20:00 PM,26,49.056,109,7.626,-26.8176,109.1271,EEZ,Inside,Project_1,5537,10,2,15,manual niskin,sentino peristaltic,2,,MA/ST/ER,20/11/2022,Marcelle,21/11/2022,Marcelle ,,V10_CKI_N_3_WC,V10_CKI_N_3_DI,V10_CKI_BC_2,V10_CKI_EB_1,NTC1,I,Plate 1,1
V10_CKI,N,3,2,N_3_2,V10_CKI_N_3_2,20/11/2022,1:00:00 PM,3:20:00 PM,26,49.056,109,7.626,-26.8176,109.1271,EEZ,Inside,Project_1,5537,10,2,15,manual niskin,sentino peristaltic,2,,MA/ST/ER,20/11/2022,Marcelle,21/11/2022,Marcelle ,,V10_CKI_N_3_WC,V10_CKI_N_3_DI,V10_CKI_BC_2,V10_CKI_EB_1,NTC1,I,Plate 1,1
V10_CKI,N,3,3,N_3_3,V10_CKI_N_3_3,20/11/2022,1:00:00 PM,3:20:00 PM,26,49.056,109,7.626,-26.8176,109.1271,EEZ,Inside,Project_1,5537,10,2,15,manual niskin,sentino peristaltic,2,,MA/ST/ER,20/11/2022,Marcelle,21/11/2022,Marcelle ,,V10_CKI_N_3_WC,V10_CKI_N_3_DI,V10_CKI_BC_2,V10_CKI_EB_1,NTC1,I,Plate 1,1
V10_CKI,N,3,4,N_3_4,V10_CKI_N_3_4,20/11/2022,1:00:00 PM,3:20:00 PM,26,49.056,109,7.626,-26.8176,109.1271,EEZ,Inside,Project_1,5537,10,2,15,manual niskin,sentino peristaltic,2,,MA/ST/ER,20/11/2022,Marcelle,21/11/2022,Marcelle ,,V10_CKI_N_3_WC,V10_CKI_N_3_DI,V10_CKI_BC_2,V10_CKI_EB_1,NTC1,I,Plate 1,1
V10_CKI,N,3,5,N_3_5,V10_CKI_N_3_5,20/11/2022,1:00:00 PM,3:20:00 PM,26,49.056,109,7.626,-26.8176,109.1271,EEZ,Inside,Project_1,5537,10,2,15,manual niskin,sentino peristaltic,2,,MA/ST/ER,20/11/2022,Marcelle,21/11/2022,Marcelle ,,V10_CKI_N_3_WC,V10_CKI_N_3_DI,V10_CKI_BC_2,V10_CKI_EB_1,NTC1,I,Plate 1,1
V10_CKI,N,3,WC,N_3_WC,V10_CKI_N_3_WC,20/11/2022,1:00:00 PM,3:20:00 PM,26,49.056,109,7.626,-26.8176,109.1271,,,,NA,NA,NA,NA,NA,sentino peristaltic,1,,MA/ST/ER,20/11/2022,Marcelle,21/11/2022,Marcelle ,,,,V10_CKI_BC_2,V10_CKI_EB_1,NTC1,I,Plate 1,1
V10_CKI,N,3,DI,N_3_DI,V10_CKI_N_3_DI,20/11/2022,1:00:00 PM,3:20:00 PM,26,49.056,109,7.626,-26.8176,109.1271,,,,NA,NA,NA,NA,NA,sentino peristaltic,1,,MA/ST/ER,20/11/2022,Marcelle,21/11/2022,Marcelle ,,,,V10_CKI_BC_2,V10_CKI_EB_1,NTC1,I,Plate 1,1
V10_CKI,N_H_4,3,1,N_H_4_3_1,V10_CKI_N_H_4_3_1,20/11/2022,1:30:00 PM,3:20:00 PM,26,49.056,109,7.626,-26.8176,109.1271,EEZ,Inside,Project_1,5537,10,2,15,manual niskin,sentino peristaltic,4,,MA/ST/ER,20/11/2022,Marcelle,21/11/2022,Marcelle ,,V10_CKI_N_H_3_WC,V10_CKI_N_H_3_DI,V10_CKI_BC_2,V10_CKI_EB_1,NTC1,I,Plate 1,1
V10_CKI,N_H_4,3,2,N_H_4_3_2,V10_CKI_N_H_4_3_2,20/11/2022,1:30:00 PM,3:20:00 PM,26,49.056,109,7.626,-26.8176,109.1271,EEZ,Inside,Project_1,5537,10,2,15,manual niskin,sentino peristaltic,4,,MA/ST/ER,20/11/2022,Marcelle,21/11/2022,Marcelle ,,V10_CKI_N_H_3_WC,V10_CKI_N_H_3_DI,V10_CKI_BC_2,V10_CKI_EB_1,NTC1,I,Plate 1,1
V10_CKI,N_H_4,3,3,N_H_4_3_3,V10_CKI_N_H_4_3_3,20/11/2022,1:30:00 PM,3:20:00 PM,26,49.056,109,7.626,-26.8176,109.1271,EEZ,Inside,Project_1,5537,10,2,15,manual niskin,sentino peristaltic,4,,MA/ST/ER,20/11/2022,Marcelle,21/11/2022,Marcelle ,,V10_CKI_N_H_3_WC,V10_CKI_N_H_3_DI,V10_CKI_BC_2,V10_CKI_EB_1,NTC1,I,Plate 1,1
V10_CKI,N_H_2,3,1,N_H_2_3_1,V10_CKI_N_H_2_3_1,20/11/2022,1:30:00 PM,3:20:00 PM,26,49.056,109,7.626,-26.8176,109.1271,EEZ,Inside,Project_1,5537,10,2,15,manual niskin,sentino peristaltic,2,,MA/ST/ER,20/11/2022,Marcelle,21/11/2022,Marcelle ,,V10_CKI_N_H_3_WC,V10_CKI_N_H_3_DI,V10_CKI_BC_2,V10_CKI_EB_1,NTC1,I,Plate 1,1
V10_CKI,N_H_2,3,2,N_H_2_3_2,V10_CKI_N_H_2_3_2,20/11/2022,1:30:00 PM,3:20:00 PM,26,49.056,109,7.626,-26.8176,109.1271,EEZ,Inside,Project_1,5537,10,2,15,manual niskin,sentino peristaltic,2,,MA/ST/ER,20/11/2022,Marcelle,21/11/2022,Marcelle ,,V10_CKI_N_H_3_WC,V10_CKI_N_H_3_DI,V10_CKI_BC_2,V10_CKI_EB_1,NTC1,I,Plate 1,1
V10_CKI,N_H_2,3,3,N_H_2_3_3,V10_CKI_N_H_2_3_3,20/11/2022,1:30:00 PM,3:20:00 PM,26,49.056,109,7.626,-26.8176,109.1271,,,,5537,10,2,15,manual niskin,sentino peristaltic,2,,MA/ST/ER,20/11/2022,Marcelle,21/11/2022,Marcelle ,,V10_CKI_N_H_3_WC,V10_CKI_N_H_3_DI,V10_CKI_BC_2,V10_CKI_EB_1,NTC1,I,Plate 1,1
V10_CKI,N_H,3,WC,N_H_3_WC,V10_CKI_N_H_3_WC,20/11/2022,1:00:00 PM,3:20:00 PM,26,49.056,109,7.626,-26.8176,109.1271,,,,NA,NA,NA,NA,NA,sentino peristaltic,1,,MA/ST/ER,20/11/2022,Marcelle,21/11/2022,Marcelle ,,,,V10_CKI_BC_2,V10_CKI_EB_1,NTC1,I,Plate 1,1
V10_CKI,N_H,3,DI,N_H_3_DI,V10_CKI_N_H_3_DI,20/11/2022,1:00:00 PM,3:20:00 PM,26,49.056,109,7.626,-26.8176,109.1271,,,,NA,NA,NA,NA,NA,sentino peristaltic,1,,MA/ST/ER,20/11/2022,Marcelle,21/11/2022,Marcelle ,,,,V10_CKI_BC_2,V10_CKI_EB_1,NTC1,I,Plate 1,1
V10_CKI,X,X,EB,EB_1,V10_CKI_EB_1,NA,NA,NA,NA,NA,NA,NA,NA,NA,,,,NA,NA,NA,NA,NA,NA,NA,,,20/11/2022,Marcelle,21/11/2022,Marcelle ,,,,,,NTC1,I,Plate 1,1
V10_CKI,U,4,1,U_4_1,V10_CKI_U_4_1,20/11/2022,7:00:00 PM,8:52:00 PM,26,14.598,108,25.993,-26.2433,108.4332167,Open ocean,Outside,Project_1,5671,10,2,15,underway in-line,sentino peristaltic,2,,MA/ST/ER,21/11/2022,Eric/Sam,22/11/2022,Sam,,V10_CKI_U_4_WC,V10_CKI_U_4_DI,V10_CKI_BC_2,V10_CKI_EB_2,NTC1,I,Plate 1,1
V10_CKI,U,4,2,U_4_2,V10_CKI_U_4_2,20/11/2022,7:00:00 PM,8:52:00 PM,26,14.598,108,25.993,-26.2433,108.4332167,Open ocean,Outside,Project_1,5671,10,2,15,underway in-line,sentino peristaltic,2,,MA/ST/ER,21/11/2022,Eric/Sam,22/11/2022,Sam,,V10_CKI_U_4_WC,V10_CKI_U_4_DI,V10_CKI_BC_2,V10_CKI_EB_2,NTC1,I,Plate 1,1
V10_CKI,U,4,3,U_4_3,V10_CKI_U_4_3,20/11/2022,7:00:00 PM,8:52:00 PM,26,14.598,108,25.993,-26.2433,108.4332167,Open ocean,Outside,Project_1,5671,10,2,15,underway in-line,sentino peristaltic,2,,MA/ST/ER,21/11/2022,Eric/Sam,22/11/2022,Sam,,V10_CKI_U_4_WC,V10_CKI_U_4_DI,V10_CKI_BC_2,V10_CKI_EB_2,NTC1,I,Plate 1,1
V10_CKI,U,4,4,U_4_4,V10_CKI_U_4_4,20/11/2022,7:00:00 PM,8:52:00 PM,26,14.598,108,25.993,-26.2433,108.4332167,Open ocean,Outside,Project_1,5671,10,2,15,underway in-line,sentino peristaltic,2,,MA/ST/ER,21/11/2022,Eric/Sam,22/11/2022,Sam,,V10_CKI_U_4_WC,V10_CKI_U_4_DI,V10_CKI_BC_2,V10_CKI_EB_2,NTC1,I,Plate 1,1
V10_CKI,U,4,5,U_4_5,V10_CKI_U_4_5,20/11/2022,7:00:00 PM,8:52:00 PM,26,14.598,108,25.993,-26.2433,108.4332167,Open ocean,Outside,Project_1,5671,10,2,15,underway in-line,sentino peristaltic,2,,MA/ST/ER,21/11/2022,Eric/Sam,22/11/2022,Sam,,V10_CKI_U_4_WC,V10_CKI_U_4_DI,V10_CKI_BC_2,V10_CKI_EB_2,NTC1,I,Plate 1,1
V10_CKI,U,4,WC,U_4_WC,V10_CKI_U_4_WC,20/11/2022,7:00:00 PM,8:52:00 PM,26,14.598,108,25.993,-26.2433,108.4332167,,,,NA,NA,NA,NA,NA,sentino peristaltic,1,,MA/ST/ER,21/11/2022,Eric/Sam,22/11/2022,Sam,,,,V10_CKI_BC_2,V10_CKI_EB_2,NTC1,I,Plate 1,1
V10_CKI,U,4,DI,U_4_DI,V10_CKI_U_4_DI,20/11/2022,7:00:00 PM,8:52:00 PM,26,14.598,108,25.993,-26.2433,108.4332167,,,,NA,NA,NA,NA,NA,sentino peristaltic,1,,MA/ST/ER,21/11/2022,Eric/Sam,22/11/2022,Sam,,,,V10_CKI_BC_2,V10_CKI_EB_2,NTC1,I,Plate 1,1
V10_CKI,N,4,1,N_4_1,V10_CKI_N_4_1,20/11/2022,7:00:00 PM,8:52:00 PM,26,14.598,108,25.993,-26.2433,108.4332167,Open ocean,Outside,Project_1,5671,10,2,15,manual niskin,sentino peristaltic,2,,MA/ST/ER,21/11/2022,Eric/Sam,22/11/2022,Sam,,V10_CKI_N_4_WC,V10_CKI_N_4_DI,V10_CKI_BC_2,V10_CKI_EB_2,NTC1,I,Plate 1,1
V10_CKI,N,4,2,N_4_2,V10_CKI_N_4_2,20/11/2022,7:00:00 PM,8:52:00 PM,26,14.598,108,25.993,-26.2433,108.4332167,Open ocean,Outside,Project_1,5671,10,2,15,manual niskin,sentino peristaltic,2,,MA/ST/ER,21/11/2022,Eric/Sam,22/11/2022,Sam,,V10_CKI_N_4_WC,V10_CKI_N_4_DI,V10_CKI_BC_2,V10_CKI_EB_2,NTC1,I,Plate 1,1
V10_CKI,N,4,3,N_4_3,V10_CKI_N_4_3,20/11/2022,7:00:00 PM,8:52:00 PM,26,14.598,108,25.993,-26.2433,108.4332167,Open ocean,Outside,Project_1,5671,10,2,15,manual niskin,sentino peristaltic,2,,MA/ST/ER,21/11/2022,Eric/Sam,22/11/2022,Sam,,V10_CKI_N_4_WC,V10_CKI_N_4_DI,V10_CKI_BC_2,V10_CKI_EB_2,NTC1,I,Plate 1,1
V10_CKI,N,4,4,N_4_4,V10_CKI_N_4_4,20/11/2022,7:00:00 PM,8:52:00 PM,26,14.598,108,25.993,-26.2433,108.4332167,Open ocean,Outside,Project_1,5671,10,2,15,manual niskin,sentino peristaltic,2,,MA/ST/ER,21/11/2022,Eric/Sam,22/11/2022,Sam,,V10_CKI_N_4_WC,V10_CKI_N_4_DI,V10_CKI_BC_2,V10_CKI_EB_2,NTC1,I,Plate 1,1
V10_CKI,N,4,5,N_4_5,V10_CKI_N_4_5,20/11/2022,7:00:00 PM,8:52:00 PM,26,14.598,108,25.993,-26.2433,108.4332167,Open ocean,Outside,Project_1,5671,10,2,15,manual niskin,sentino peristaltic,2,,MA/ST/ER,21/11/2022,Eric/Sam,22/11/2022,Sam,,V10_CKI_N_4_WC,V10_CKI_N_4_DI,V10_CKI_BC_2,V10_CKI_EB_2,NTC1,I,Plate 1,1
V10_CKI,N,4,WC,N_4_WC,V10_CKI_N_4_WC,20/11/2022,7:00:00 PM,8:52:00 PM,26,14.598,108,25.993,-26.2433,108.4332167,,,,NA,NA,NA,NA,NA,sentino peristaltic,1,,MA/ST/ER,21/11/2022,Eric/Sam,22/11/2022,Sam,,,,V10_CKI_BC_2,V10_CKI_EB_2,NTC1,I,Plate 1,1
V10_CKI,N,4,DI,N_4_DI,V10_CKI_N_4_DI,20/11/2022,7:00:00 PM,8:52:00 PM,26,14.598,108,25.993,-26.2433,108.4332167,,,,NA,NA,NA,NA,NA,sentino peristaltic,1,,MA/ST/ER,21/11/2022,Eric/Sam,22/11/2022,Sam,,,,V10_CKI_BC_2,V10_CKI_EB_2,NTC1,I,Plate 1,1
V10_CKI,X,X,BC,BC_2,V10_CKI_BC_2,20/11/2022,NA,NA,NA,NA,NA,NA,NA,NA,,,,NA,NA,NA,NA,NA,sentino peristaltic,1,,MA/ST/ER,21/11/2022,Eric/Sam,22/11/2022,Sam,,,,,V10_CKI_EB_2,NTC1,I,Plate 1,1
V10_CKI,U,5,1,U_5_1,V10_CKI_U_5_1,21/11/2022,7:00:00 AM,8:35:00 AM,24,53.444,106,46.706,-24.89073333,106.7784333,Open ocean,Outside,Project_1,5576,10,2.5,15-20,underway in-line,sentino peristaltic,2,,MA/ST/ER,21/11/2022,Eric/Sam,22/11/2022,Sam,,V10_CKI_U_5_WC,V10_CKI_U_5_DI,V10_CKI_BC_3,V10_CKI_EB_2,NTC1,I,Plate 1,1
V10_CKI,U,5,2,U_5_2,V10_CKI_U_5_2,21/11/2022,7:00:00 AM,8:35:00 AM,24,53.444,106,46.706,-24.89073333,106.7784333,Open ocean,Outside,Project_1,5576,10,2.5,15-20,underway in-line,sentino peristaltic,2,,MA/ST/ER,21/11/2022,Eric/Sam,22/11/2022,Sam,,V10_CKI_U_5_WC,V10_CKI_U_5_DI,V10_CKI_BC_3,V10_CKI_EB_2,NTC1,I,Plate 1,1
V10_CKI,U,5,3,U_5_3,V10_CKI_U_5_3,21/11/2022,7:00:00 AM,8:35:00 AM,24,53.444,106,46.706,-24.89073333,106.7784333,Open ocean,Outside,Project_1,5576,10,2.5,15-20,underway in-line,sentino peristaltic,2,,MA/ST/ER,21/11/2022,Eric/Sam,22/11/2022,Sam,,V10_CKI_U_5_WC,V10_CKI_U_5_DI,V10_CKI_BC_3,V10_CKI_EB_2,NTC1,I,Plate 1,1
V10_CKI,U,5,4,U_5_4,V10_CKI_U_5_4,21/11/2022,7:00:00 AM,8:35:00 AM,24,53.444,106,46.706,-24.89073333,106.7784333,Open ocean,Outside,Project_1,5576,10,2.5,15-20,underway in-line,sentino peristaltic,2,,MA/ST/ER,21/11/2022,Eric/Sam,22/11/2022,Sam,,V10_CKI_U_5_WC,V10_CKI_U_5_DI,V10_CKI_BC_3,V10_CKI_EB_2,NTC1,I,Plate 1,1
V10_CKI,U,5,5,U_5_5,V10_CKI_U_5_5,21/11/2022,7:00:00 AM,8:35:00 AM,24,53.444,106,46.706,-24.89073333,106.7784333,Open ocean,Outside,Project_1,5576,10,2.5,15-20,underway in-line,sentino peristaltic,2,,MA/ST/ER,21/11/2022,Eric/Sam,22/11/2022,Sam,,V10_CKI_U_5_WC,V10_CKI_U_5_DI,V10_CKI_BC_3,V10_CKI_EB_2,NTC1,I,Plate 1,1
V10_CKI,U,5,WC,U_5_WC,V10_CKI_U_5_WC,21/11/2022,7:00:00 AM,8:35:00 AM,24,53.444,106,46.706,-24.89073333,106.7784333,,,,NA,NA,NA,NA,NA,sentino peristaltic,1,,MA/ST/ER,21/11/2022,Eric/Sam,22/11/2022,Sam,,,,V10_CKI_BC_3,V10_CKI_EB_2,NTC1,I,Plate 1,1
V10_CKI,U,5,DI,U_5_DI,V10_CKI_U_5_DI,21/11/2022,7:00:00 AM,8:35:00 AM,24,53.444,106,46.706,-24.89073333,106.7784333,,,,NA,NA,NA,NA,NA,sentino peristaltic,1,,MA/ST/ER,21/11/2022,Eric/Sam,22/11/2022,Sam,,,,V10_CKI_BC_3,V10_CKI_EB_2,NTC1,I,Plate 1,1
V10_CKI,N,5,1,N_5_1,V10_CKI_N_5_1,21/11/2022,7:00:00 AM,8:35:00 AM,24,53.444,106,46.706,-24.89073333,106.7784333,Open ocean,Outside,Project_1,5576,10,2.5,15-20,manual niskin,sentino peristaltic,2,,MA/ST/ER,21/11/2022,Eric/Sam,22/11/2022,Sam,,V10_CKI_N_5_WC,V10_CKI_N_5_DI,V10_CKI_BC_3,V10_CKI_EB_2,NTC1,I,Plate 1,1
V10_CKI,N,5,2,N_5_2,V10_CKI_N_5_2,21/11/2022,7:00:00 AM,8:35:00 AM,24,53.444,106,46.706,-24.89073333,106.7784333,Open ocean,Outside,Project_1,5576,10,2.5,15-20,manual niskin,sentino peristaltic,2,,MA/ST/ER,21/11/2022,Eric/Sam,22/11/2022,Sam,,V10_CKI_N_5_WC,V10_CKI_N_5_DI,V10_CKI_BC_3,V10_CKI_EB_2,NTC1,I,Plate 1,1
V10_CKI,N,5,3,N_5_3,V10_CKI_N_5_3,21/11/2022,7:00:00 AM,8:35:00 AM,24,53.444,106,46.706,-24.89073333,106.7784333,Open ocean,Outside,Project_1,5576,10,2.5,15-20,manual niskin,sentino peristaltic,2,,MA/ST/ER,21/11/2022,Eric/Sam,22/11/2022,Sam,,V10_CKI_N_5_WC,V10_CKI_N_5_DI,V10_CKI_BC_3,V10_CKI_EB_2,NTC1,I,Plate 1,1
V10_CKI,N,5,4,N_5_4,V10_CKI_N_5_4,21/11/2022,7:00:00 AM,8:35:00 AM,24,53.444,106,46.706,-24.89073333,106.7784333,Open ocean,Outside,Project_1,5576,10,2.5,15-20,manual niskin,sentino peristaltic,2,,MA/ST/ER,21/11/2022,Eric/Sam,22/11/2022,Sam,,V10_CKI_N_5_WC,V10_CKI_N_5_DI,V10_CKI_BC_3,V10_CKI_EB_2,NTC1,I,Plate 1,1
V10_CKI,N,5,5,N_5_5,V10_CKI_N_5_5,21/11/2022,7:00:00 AM,8:35:00 AM,24,53.444,106,46.706,-24.89073333,106.7784333,Open ocean,Outside,Project_1,5576,10,2.5,15-20,manual niskin,sentino peristaltic,2,,MA/ST/ER,21/11/2022,Eric/Sam,22/11/2022,Sam,,V10_CKI_N_5_WC,V10_CKI_N_5_DI,V10_CKI_BC_3,V10_CKI_EB_2,NTC1,I,Plate 1,1
V10_CKI,N,5,WC,N_5_WC,V10_CKI_N_5_WC,21/11/2022,7:00:00 AM,8:35:00 AM,24,53.444,106,46.706,-24.89073333,106.7784333,,,,NA,NA,NA,NA,NA,sentino peristaltic,1,,MA/ST/ER,21/11/2022,Eric/Sam,22/11/2022,Sam,,,,V10_CKI_BC_3,V10_CKI_EB_2,NTC1,I,Plate 1,1
V10_CKI,N,5,DI,N_5_DI,V10_CKI_N_5_DI,21/11/2022,7:00:00 AM,8:35:00 AM,24,53.444,106,46.706,-24.89073333,106.7784333,,,,NA,NA,NA,NA,NA,sentino peristaltic,1,,MA/ST/ER,21/11/2022,Eric/Sam,22/11/2022,Sam,,,,V10_CKI_BC_3,V10_CKI_EB_2,NTC1,I,Plate 1,1
V10_CKI,N,6,1,N_6_1,V10_CKI_N_6_1,21/11/2022,1:00:00 PM,4:00:00 PM,24,15.273,106,0.26,-24.25455,106.0043333,Open ocean,Outside,Project_1,5567,10,2.5,15-20,underway in-line,sentino peristaltic,2,,MA/ST/ER,21/11/2022,Eric/Sam,22/11/2022,Sam,,V10_CKI_U_6_WC,V10_CKI_U_6_DI,V10_CKI_BC_3,V10_CKI_EB_2,NTC1,I,Plate 1,1
V10_CKI,N,6,2,N_6_2,V10_CKI_N_6_2,21/11/2022,1:00:00 PM,4:00:00 PM,24,15.273,106,0.26,-24.25455,106.0043333,Open ocean,Outside,Project_1,5567,10,2.5,15-20,underway in-line,sentino peristaltic,2,,MA/ST/ER,21/11/2022,Eric/Sam,22/11/2022,Sam,,V10_CKI_U_6_WC,V10_CKI_U_6_DI,V10_CKI_BC_3,V10_CKI_EB_2,NTC1,I,Plate 1,1
V10_CKI,N,6,3,N_6_3,V10_CKI_N_6_3,21/11/2022,1:00:00 PM,4:00:00 PM,24,15.273,106,0.26,-24.25455,106.0043333,Open ocean,Outside,Project_1,5567,10,2.5,15-20,underway in-line,sentino peristaltic,2,,MA/ST/ER,21/11/2022,Eric/Sam,22/11/2022,Sam,,V10_CKI_U_6_WC,V10_CKI_U_6_DI,V10_CKI_BC_3,V10_CKI_EB_2,NTC1,I,Plate 1,1
V10_CKI,N,6,4,N_6_4,V10_CKI_N_6_4,21/11/2022,1:00:00 PM,4:00:00 PM,24,15.273,106,0.26,-24.25455,106.0043333,Open ocean,Outside,Project_1,5567,10,2.5,15-20,underway in-line,sentino peristaltic,2,,MA/ST/ER,21/11/2022,Eric/Sam,22/11/2022,Sam,,V10_CKI_U_6_WC,V10_CKI_U_6_DI,V10_CKI_BC_3,V10_CKI_EB_2,NTC1,I,Plate 1,1
V10_CKI,N,6,5,N_6_5,V10_CKI_N_6_5,21/11/2022,1:00:00 PM,4:00:00 PM,24,15.273,106,0.26,-24.25455,106.0043333,Open ocean,Outside,Project_1,5567,10,2.5,15-20,underway in-line,sentino peristaltic,2,,MA/ST/ER,21/11/2022,Eric/Sam,22/11/2022,Sam,,V10_CKI_U_6_WC,V10_CKI_U_6_DI,V10_CKI_BC_3,V10_CKI_EB_2,NTC1,I,Plate 1,1
V10_CKI,N,6,WC,N_6_WC,V10_CKI_N_6_WC,21/11/2022,1:00:00 PM,4:00:00 PM,24,15.273,106,0.26,-24.25455,106.0043333,,,,NA,NA,NA,NA,NA,sentino peristaltic,1,,MA/ST/ER,21/11/2022,Eric/Sam,22/11/2022,Sam,,,,V10_CKI_BC_3,V10_CKI_EB_2,NTC1,I,Plate 1,1
V10_CKI,N,6,DI,N_6_DI,V10_CKI_N_6_DI,21/11/2022,1:00:00 PM,4:00:00 PM,24,15.273,106,0.26,-24.25455,106.0043333,,,,NA,NA,NA,NA,NA,sentino peristaltic,1,,MA/ST/ER,21/11/2022,Eric/Sam,22/11/2022,Sam,,,,V10_CKI_BC_3,V10_CKI_EB_2,NTC1,I,Plate 1,1
V10_CKI,V,6,1,V_6_1,V10_CKI_V_6_1,21/11/2022,1:00:00 PM,4:00:00 PM,24,15.273,106,0.26,-24.25455,106.0043333,Open ocean,Outside,Project_1,5567,10,2.5,15-20,manual niskin,sentino peristaltic,2,,MA/ST/ER,21/11/2022,Eric/Sam,22/11/2022,Sam,,V10_CKI_N_6_WC,V10_CKI_N_6_DI,V10_CKI_BC_3,V10_CKI_EB_2,NTC1,I,Plate 1,1
V10_CKI,V,6,2,V_6_2,V10_CKI_V_6_2,21/11/2022,1:00:00 PM,4:00:00 PM,24,15.273,106,0.26,-24.25455,106.0043333,Open ocean,Outside,Project_1,5567,10,2.5,15-20,manual niskin,sentino peristaltic,2,,MA/ST/ER,21/11/2022,Eric/Sam,22/11/2022,Sam,,V10_CKI_N_6_WC,V10_CKI_N_6_DI,V10_CKI_BC_3,V10_CKI_EB_2,NTC1,I,Plate 1,1
V10_CKI,V,6,3,V_6_3,V10_CKI_V_6_3,21/11/2022,1:00:00 PM,4:00:00 PM,24,15.273,106,0.26,-24.25455,106.0043333,Open ocean,Outside,Project_1,5567,10,2.5,15-20,manual niskin,sentino peristaltic,2,,MA/ST/ER,21/11/2022,Eric/Sam,22/11/2022,Sam,,V10_CKI_N_6_WC,V10_CKI_N_6_DI,V10_CKI_BC_3,V10_CKI_EB_2,NTC1,I,Plate 1,1
V10_CKI,V,6,4,V_6_4,V10_CKI_V_6_4,21/11/2022,1:00:00 PM,4:00:00 PM,24,15.273,106,0.26,-24.25455,106.0043333,Open ocean,Outside,Project_1,5567,10,2.5,15-20,manual niskin,sentino peristaltic,2,,MA/ST/ER,21/11/2022,Eric/Sam,22/11/2022,Sam,,V10_CKI_N_6_WC,V10_CKI_N_6_DI,V10_CKI_BC_3,V10_CKI_EB_2,NTC1,I,Plate 1,1
V10_CKI,V,X,5,V_X_5,V10_CKI_V_X_5,21/11/2022,1:00:00 PM,4:00:00 PM,24,15.273,106,0.26,-24.25455,106.0043333,Open ocean,Outside,Project_1,5567,10,2.5,15-20,manual niskin,sentino peristaltic,2,,MA/ST/ER,21/11/2022,Eric/Sam,22/11/2022,Sam,,V10_CKI_N_6_WC,V10_CKI_N_6_DI,V10_CKI_BC_3,V10_CKI_EB_2,NTC1,I,Plate 1,1
V10_CKI,V,6,WC,V_6_WC,V10_CKI_V_6_WC,21/11/2022,1:00:00 PM,4:00:00 PM,24,15.273,106,0.26,-24.25455,106.0043333,,,,NA,NA,NA,NA,NA,sentino peristaltic,1,,MA/ST/ER,21/11/2022,Eric/Sam,22/11/2022,Sam,,,,V10_CKI_BC_3,V10_CKI_EB_2,NTC1,I,Plate 1,1
V10_CKI,V,6,DI,V_6_DI,V10_CKI_V_6_DI,21/11/2022,1:00:00 PM,4:00:00 PM,24,15.273,106,0.26,-24.25455,106.0043333,,,,NA,NA,NA,NA,NA,sentino peristaltic,1,,MA/ST/ER,21/11/2022,Eric/Sam,22/11/2022,Sam,,,,V10_CKI_BC_3,V10_CKI_EB_2,NTC1,I,Plate 1,1
V10_CKI,X,X,EB,EB_2,V10_CKI_EB_2,NA,NA,NA,NA,NA,NA,NA,NA,NA,,,,NA,NA,NA,NA,NA,NA,NA,,,21/11/2022,Eric/Sam,22/11/2022,Sam,,,,,,NTC1,I,Plate 1,1
V10_CKI,U,7,1,U_7_1,V10_CKI_U_7_1,21/11/2022,7:00:00 PM,9:00:00 PM,23,38.884,105,17.246,-23.64806667,105.2874333,Open ocean,Outside,Project_1,5385,10,3,15-20,underway in-line,sentino peristaltic,2,,MA/ST/ER,22/11/2022,Eric,23/11/2022,Eric,,V10_CKI_U_7_WC,V10_CKI_U_7_DI,V10_CKI_BC_3,V10_CKI_EB_3,NTC1,I,Plate 1,1
V10_CKI,U,7,2,U_7_2,V10_CKI_U_7_2,21/11/2022,7:00:00 PM,9:00:00 PM,23,38.884,105,17.246,-23.64806667,105.2874333,Open ocean,Outside,Project_1,5385,10,3,15-20,underway in-line,sentino peristaltic,2,,MA/ST/ER,22/11/2022,Eric,23/11/2022,Eric,,V10_CKI_U_7_WC,V10_CKI_U_7_DI,V10_CKI_BC_3,V10_CKI_EB_3,NTC1,I,Plate 1,1
V10_CKI,U,7,3,U_7_3,V10_CKI_U_7_3,21/11/2022,7:00:00 PM,9:00:00 PM,23,38.884,105,17.246,-23.64806667,105.2874333,Open ocean,Outside,Project_1,5385,10,3,15-20,underway in-line,sentino peristaltic,2,,MA/ST/ER,22/11/2022,Eric,23/11/2022,Eric,,V10_CKI_U_7_WC,V10_CKI_U_7_DI,V10_CKI_BC_3,V10_CKI_EB_3,NTC1,I,Plate 1,1
V10_CKI,U,7,4,U_7_4,V10_CKI_U_7_4,21/11/2022,7:00:00 PM,9:00:00 PM,23,38.884,105,17.246,-23.64806667,105.2874333,Open ocean,Outside,Project_1,5385,10,3,15-20,underway in-line,sentino peristaltic,2,,MA/ST/ER,22/11/2022,Eric,23/11/2022,Eric,,V10_CKI_U_7_WC,V10_CKI_U_7_DI,V10_CKI_BC_3,V10_CKI_EB_3,NTC1,I,Plate 1,1
V10_CKI,U,7,5,U_7_5,V10_CKI_U_7_5,21/11/2022,7:00:00 PM,9:00:00 PM,23,38.884,105,17.246,-23.64806667,105.2874333,Open ocean,Outside,Project_1,5385,10,3,15-20,underway in-line,sentino peristaltic,2,,MA/ST/ER,22/11/2022,Eric,23/11/2022,Eric,,V10_CKI_U_7_WC,V10_CKI_U_7_DI,V10_CKI_BC_3,V10_CKI_EB_3,NTC1,I,Plate 1,1
V10_CKI,U,7,WC,U_7_WC,V10_CKI_U_7_WC,21/11/2022,7:00:00 PM,9:00:00 PM,23,38.884,105,17.246,-23.64806667,105.2874333,,,,NA,NA,NA,NA,NA,sentino peristaltic,1,,MA/ST/ER,22/11/2022,Eric,23/11/2022,Eric,,,,V10_CKI_BC_3,V10_CKI_EB_3,NTC1,I,Plate 1,1
V10_CKI,U,7,DI,U_7_DI,V10_CKI_U_7_DI,21/11/2022,7:00:00 PM,9:00:00 PM,23,38.884,105,17.246,-23.64806667,105.2874333,,,,NA,NA,NA,NA,NA,sentino peristaltic,1,,MA/ST/ER,22/11/2022,Eric,23/11/2022,Eric,,,,V10_CKI_BC_3,V10_CKI_EB_3,NTC1,I,Plate 1,1
V10_CKI,N,7,1,N_7_1,V10_CKI_N_7_1,21/11/2022,7:00:00 PM,9:00:00 PM,23,38.884,105,17.246,-23.64806667,105.2874333,Open ocean,Outside,Project_1,5385,10,3,15-20,manual niskin,sentino peristaltic,2,,MA/ST/ER,22/11/2022,Eric,23/11/2022,Eric,,V10_CKI_N_7_WC,V10_CKI_N_7_DI,V10_CKI_BC_3,V10_CKI_EB_3,NTC1,I,Plate 2,1
V10_CKI,N,7,2,N_7_2,V10_CKI_N_7_2,21/11/2022,7:00:00 PM,9:00:00 PM,23,38.884,105,17.246,-23.64806667,105.2874333,Open ocean,Outside,Project_1,5385,10,3,15-20,manual niskin,sentino peristaltic,2,,MA/ST/ER,22/11/2022,Eric,23/11/2022,Eric,,V10_CKI_N_7_WC,V10_CKI_N_7_DI,V10_CKI_BC_3,V10_CKI_EB_3,NTC1,I,Plate 2,1
V10_CKI,N,7,3,N_7_3,V10_CKI_N_7_3,21/11/2022,7:00:00 PM,9:00:00 PM,23,38.884,105,17.246,-23.64806667,105.2874333,Open ocean,Outside,Project_1,5385,10,3,15-20,manual niskin,sentino peristaltic,2,,MA/ST/ER,22/11/2022,Eric,23/11/2022,Eric,,V10_CKI_N_7_WC,V10_CKI_N_7_DI,V10_CKI_BC_3,V10_CKI_EB_3,NTC1,I,Plate 2,1
V10_CKI,N,7,4,N_7_4,V10_CKI_N_7_4,21/11/2022,7:00:00 PM,9:00:00 PM,23,38.884,105,17.246,-23.64806667,105.2874333,Open ocean,Outside,Project_1,5385,10,3,15-20,manual niskin,sentino peristaltic,2,,MA/ST/ER,22/11/2022,Eric,23/11/2022,Eric,,V10_CKI_N_7_WC,V10_CKI_N_7_DI,V10_CKI_BC_3,V10_CKI_EB_3,NTC1,I,Plate 2,1
V10_CKI,N,7,5,N_7_5,V10_CKI_N_7_5,21/11/2022,7:00:00 PM,9:00:00 PM,23,38.884,105,17.246,-23.64806667,105.2874333,Open ocean,Outside,Project_1,5385,10,3,15-20,manual niskin,sentino peristaltic,2,,MA/ST/ER,22/11/2022,Eric,23/11/2022,Eric,,V10_CKI_N_7_WC,V10_CKI_N_7_DI,V10_CKI_BC_3,V10_CKI_EB_3,NTC1,I,Plate 2,1
V10_CKI,N,7,WC,N_7_WC,V10_CKI_N_7_WC,21/11/2022,7:00:00 PM,9:00:00 PM,23,38.884,105,17.246,-23.64806667,105.2874333,,,,NA,NA,NA,NA,NA,sentino peristaltic,1,,MA/ST/ER,22/11/2022,Eric,23/11/2022,Eric,,,,V10_CKI_BC_3,V10_CKI_EB_3,NTC1,I,Plate 2,1
V10_CKI,N,7,DI,N_7_DI,V10_CKI_N_7_DI,21/11/2022,7:00:00 PM,9:00:00 PM,23,38.884,105,17.246,-23.64806667,105.2874333,,,,NA,NA,NA,NA,NA,sentino peristaltic,1,,MA/ST/ER,22/11/2022,Eric,23/11/2022,Eric,,,,V10_CKI_BC_3,V10_CKI_EB_3,NTC1,I,Plate 2,1
V10_CKI,X,X,BC,BC_3,V10_CKI_BC_3,21/11/2022,NA,NA,NA,NA,NA,NA,NA,NA,,,,,NA,NA,NA,NA,sentino peristaltic,1,,MA/ST/ER,22/11/2022,Eric,23/11/2022,Eric,,,,,V10_CKI_EB_3,NTC1,I,Plate 2,1
V10_CKI,U,8,1,U_8_1,V10_CKI_U_8_1,22/11/2022,7:00:00 AM,8:35:00 AM,22,19.45,103,42.868,-22.32416667,103.7144667,Open ocean,Outside,Project_1,2933,10,2.5,15-20,underway in-line,sentino peristaltic,2,,MA/ST/ER,22/11/2022,Eric,23/11/2022,Eric,,V10_CKI_U_8_WC,V10_CKI_U_8_DI,V10_CKI_BC_4,V10_CKI_EB_3,NTC1,I,Plate 2,1
V10_CKI,U,8,2,U_8_2,V10_CKI_U_8_2,22/11/2022,7:00:00 AM,8:35:00 AM,22,19.45,103,42.868,-22.32416667,103.7144667,Open ocean,Outside,Project_1,2933,10,2.5,15-20,underway in-line,sentino peristaltic,2,,MA/ST/ER,22/11/2022,Eric,23/11/2022,Eric,,V10_CKI_U_8_WC,V10_CKI_U_8_DI,V10_CKI_BC_4,V10_CKI_EB_3,NTC1,I,Plate 2,1
V10_CKI,U,8,3,U_8_3,V10_CKI_U_8_3,22/11/2022,7:00:00 AM,8:35:00 AM,22,19.45,103,42.868,-22.32416667,103.7144667,Open ocean,Outside,Project_1,2933,10,2.5,15-20,underway in-line,sentino peristaltic,2,,MA/ST/ER,22/11/2022,Eric,23/11/2022,Eric,,V10_CKI_U_8_WC,V10_CKI_U_8_DI,V10_CKI_BC_4,V10_CKI_EB_3,NTC1,I,Plate 2,1
V10_CKI,U,8,4,U_8_4,V10_CKI_U_8_4,22/11/2022,7:00:00 AM,8:35:00 AM,22,19.45,103,42.868,-22.32416667,103.7144667,Open ocean,Outside,Project_1,2933,10,2.5,15-20,underway in-line,sentino peristaltic,2,,MA/ST/ER,22/11/2022,Eric,23/11/2022,Eric,,V10_CKI_U_8_WC,V10_CKI_U_8_DI,V10_CKI_BC_4,V10_CKI_EB_3,NTC1,I,Plate 2,1
V10_CKI,U,8,5,U_8_5,V10_CKI_U_8_5,22/11/2022,7:00:00 AM,8:35:00 AM,22,19.45,103,42.868,-22.32416667,103.7144667,Open ocean,Outside,Project_1,2933,10,2.5,15-20,underway in-line,sentino peristaltic,2,,MA/ST/ER,22/11/2022,Eric,23/11/2022,Eric,,V10_CKI_U_8_WC,V10_CKI_U_8_DI,V10_CKI_BC_4,V10_CKI_EB_3,NTC1,I,Plate 2,1
V10_CKI,U,8,WC,U_8_WC,V10_CKI_U_8_WC,22/11/2022,7:00:00 AM,8:35:00 AM,22,19.45,103,42.868,-22.32416667,103.7144667,,,,NA,NA,NA,NA,NA,sentino peristaltic,1,,MA/ST/ER,22/11/2022,Eric,23/11/2022,Eric,,,,V10_CKI_BC_4,V10_CKI_EB_3,NTC1,I,Plate 2,1
V10_CKI,U,8,DI,U_8_DI,V10_CKI_U_8_DI,22/11/2022,7:00:00 AM,8:35:00 AM,22,19.45,103,42.868,-22.32416667,103.7144667,,,,NA,NA,NA,NA,NA,sentino peristaltic,1,,MA/ST/ER,22/11/2022,Eric,23/11/2022,Eric,,,,V10_CKI_BC_4,V10_CKI_EB_3,NTC1,I,Plate 2,1
V10_CKI,N,8,1,N_8_1,V10_CKI_N_8_1,22/11/2022,7:00:00 AM,8:35:00 AM,22,19.45,103,42.868,-22.32416667,103.7144667,Open ocean,Outside,Project_1,2933,10,2.5,15-20,manual niskin,sentino peristaltic,2,,MA/ST/ER,22/11/2022,Eric,23/11/2022,Eric,,V10_CKI_N_8_WC,V10_CKI_N_8_DI,V10_CKI_BC_4,V10_CKI_EB_3,NTC1,I,Plate 2,1
V10_CKI,N,8,2,N_8_2,V10_CKI_N_8_2,22/11/2022,7:00:00 AM,8:35:00 AM,22,19.45,103,42.868,-22.32416667,103.7144667,Open ocean,Outside,Project_1,2933,10,2.5,15-20,manual niskin,sentino peristaltic,2,,MA/ST/ER,22/11/2022,Eric,23/11/2022,Eric,,V10_CKI_N_8_WC,V10_CKI_N_8_DI,V10_CKI_BC_4,V10_CKI_EB_3,NTC1,I,Plate 2,1
V10_CKI,N,8,3,N_8_3,V10_CKI_N_8_3,22/11/2022,7:00:00 AM,8:35:00 AM,22,19.45,103,42.868,-22.32416667,103.7144667,Open ocean,Outside,Project_1,2933,10,2.5,15-20,manual niskin,sentino peristaltic,2,,MA/ST/ER,22/11/2022,Eric,23/11/2022,Eric,,V10_CKI_N_8_WC,V10_CKI_N_8_DI,V10_CKI_BC_4,V10_CKI_EB_3,NTC1,I,Plate 2,1
V10_CKI,N,8,4,N_8_4,V10_CKI_N_8_4,22/11/2022,7:00:00 AM,8:35:00 AM,22,19.45,103,42.868,-22.32416667,103.7144667,Open ocean,Outside,Project_1,2933,10,2.5,15-20,manual niskin,sentino peristaltic,2,,MA/ST/ER,22/11/2022,Eric,23/11/2022,Eric,,V10_CKI_N_8_WC,V10_CKI_N_8_DI,V10_CKI_BC_4,V10_CKI_EB_3,NTC1,I,Plate 2,1
V10_CKI,N,8,5,N_8_5,V10_CKI_N_8_5,22/11/2022,7:00:00 AM,8:35:00 AM,22,19.45,103,42.868,-22.32416667,103.7144667,Open ocean,Outside,Project_1,2933,10,2.5,15-20,manual niskin,sentino peristaltic,2,,MA/ST/ER,22/11/2022,Eric,23/11/2022,Eric,,V10_CKI_N_8_WC,V10_CKI_N_8_DI,V10_CKI_BC_4,V10_CKI_EB_3,NTC1,I,Plate 2,1
V10_CKI,N,8,WC,N_8_WC,V10_CKI_N_8_WC,22/11/2022,7:00:00 AM,8:35:00 AM,22,19.45,103,42.868,-22.32416667,103.7144667,,,,NA,NA,NA,NA,NA,sentino peristaltic,1,,MA/ST/ER,22/11/2022,Eric,23/11/2022,Eric,,,,V10_CKI_BC_4,V10_CKI_EB_3,NTC1,I,Plate 2,1
V10_CKI,N,8,DI,N_8_DI,V10_CKI_N_8_DI,22/11/2022,7:00:00 AM,8:35:00 AM,22,19.45,103,42.868,-22.32416667,103.7144667,,,,NA,NA,NA,NA,NA,sentino peristaltic,1,,MA/ST/ER,22/11/2022,Eric,23/11/2022,Eric,,,,V10_CKI_BC_4,V10_CKI_EB_3,NTC1,I,Plate 2,1
V10_CKI,N,9,1,N_9_1,V10_CKI_N_9_1,22/11/2022,1:00:00 PM,2:30:00 AM,21,43.418,102,59.53,-21.72363333,102.9921667,Open ocean,Outside,Project_1,5029,10,2.5,15-20,manual niskin,sentino peristaltic,2,,MA/ST/ER,22/11/2022,Eric,23/11/2022,Eric,,V10_CKI_N_9_WC,V10_CKI_N_9_DI,V10_CKI_BC_4,V10_CKI_EB_3,NTC1,I,Plate 2,1
V10_CKI,N,9,2,N_9_2,V10_CKI_N_9_2,22/11/2022,1:00:00 PM,2:30:00 AM,21,43.418,102,59.53,-21.72363333,102.9921667,Open ocean,Outside,Project_1,5029,10,2.5,15-20,manual niskin,sentino peristaltic,2,,MA/ST/ER,22/11/2022,Eric,23/11/2022,Eric,,V10_CKI_N_9_WC,V10_CKI_N_9_DI,V10_CKI_BC_4,V10_CKI_EB_3,NTC1,I,Plate 2,1
V10_CKI,N,9,3,N_9_3,V10_CKI_N_9_3,22/11/2022,1:00:00 PM,2:30:00 AM,21,43.418,102,59.53,-21.72363333,102.9921667,Open ocean,Outside,Project_1,5029,10,2.5,15-20,manual niskin,sentino peristaltic,2,,MA/ST/ER,22/11/2022,Eric,23/11/2022,Eric,,V10_CKI_N_9_WC,V10_CKI_N_9_DI,V10_CKI_BC_4,V10_CKI_EB_3,NTC1,I,Plate 2,1
V10_CKI,N,9,4,N_9_4,V10_CKI_N_9_4,22/11/2022,1:00:00 PM,2:30:00 AM,21,43.418,102,59.53,-21.72363333,102.9921667,Open ocean,Outside,Project_1,5029,10,2.5,15-20,manual niskin,sentino peristaltic,2,,MA/ST/ER,22/11/2022,Eric,23/11/2022,Eric,,V10_CKI_N_9_WC,V10_CKI_N_9_DI,V10_CKI_BC_4,V10_CKI_EB_3,NTC1,I,Plate 2,1
V10_CKI,N,9,5,N_9_5,V10_CKI_N_9_5,22/11/2022,1:00:00 PM,2:30:00 AM,21,43.418,102,59.53,-21.72363333,102.9921667,Open ocean,Outside,Project_1,5029,10,2.5,15-20,manual niskin,sentino peristaltic,2,,MA/ST/ER,22/11/2022,Eric,23/11/2022,Eric,,V10_CKI_N_9_WC,V10_CKI_N_9_DI,V10_CKI_BC_4,V10_CKI_EB_3,NTC1,I,Plate 2,1
V10_CKI,N,9,WC,N_9_WC,V10_CKI_N_9_WC,22/11/2022,1:00:00 PM,2:30:00 AM,21,43.418,102,59.53,-21.72363333,102.9921667,,,,NA,NA,NA,NA,NA,sentino peristaltic,1,,MA/ST/ER,22/11/2022,Eric,23/11/2022,Eric,,,,V10_CKI_BC_4,V10_CKI_EB_3,NTC1,I,Plate 2,1
V10_CKI,N,9,DI,N_9_DI,V10_CKI_N_9_DI,22/11/2022,1:00:00 PM,2:30:00 AM,21,43.418,102,59.53,-21.72363333,102.9921667,,,,NA,NA,NA,NA,NA,sentino peristaltic,1,,MA/ST/ER,22/11/2022,Eric,23/11/2022,Eric,,,,V10_CKI_BC_4,V10_CKI_EB_3,NTC1,I,Plate 2,1
V10_CKI,V,9,1,V_9_1,V10_CKI_V_9_1,22/11/2022,1:00:00 PM,2:30:00 AM,21,43.418,102,59.53,-21.72363333,102.9921667,Open ocean,Outside,Project_1,5029,10,2.5,15-20,manual niskin,sentino peristaltic,2,,MA/ST/ER,22/11/2022,Eric,23/11/2022,Eric,,V10_CKI_V_9_WC,V10_CKI_V_9_DI,V10_CKI_BC_4,V10_CKI_EB_3,NTC1,I,Plate 2,1
V10_CKI,V,9,2,V_9_2,V10_CKI_V_9_2,22/11/2022,1:00:00 PM,2:30:00 AM,21,43.418,102,59.53,-21.72363333,102.9921667,Open ocean,Outside,Project_1,5029,10,2.5,15-20,manual niskin,sentino peristaltic,2,,MA/ST/ER,22/11/2022,Eric,23/11/2022,Eric,,V10_CKI_V_9_WC,V10_CKI_V_9_DI,V10_CKI_BC_4,V10_CKI_EB_3,NTC1,I,Plate 2,1
V10_CKI,V,9,3,V_9_3,V10_CKI_V_9_3,22/11/2022,1:00:00 PM,2:30:00 AM,21,43.418,102,59.53,-21.72363333,102.9921667,Open ocean,Outside,Project_1,5029,10,2.5,15-20,manual niskin,sentino peristaltic,2,,MA/ST/ER,22/11/2022,Eric,23/11/2022,Eric,,V10_CKI_V_9_WC,V10_CKI_V_9_DI,V10_CKI_BC_4,V10_CKI_EB_3,NTC1,I,Plate 2,1
V10_CKI,V,9,4,V_9_4,V10_CKI_V_9_4,22/11/2022,1:00:00 PM,2:30:00 AM,21,43.418,102,59.53,-21.72363333,102.9921667,Open ocean,Outside,Project_1,5029,10,2.5,15-20,manual niskin,sentino peristaltic,2,,MA/ST/ER,22/11/2022,Eric,23/11/2022,Eric,,V10_CKI_V_9_WC,V10_CKI_V_9_DI,V10_CKI_BC_4,V10_CKI_EB_3,NTC1,I,Plate 2,1
V10_CKI,V,9,5,V_9_5,V10_CKI_V_9_5,22/11/2022,1:00:00 PM,2:30:00 AM,21,43.418,102,59.53,-21.72363333,102.9921667,Open ocean,Outside,Project_1,5029,10,2.5,15-20,manual niskin,sentino peristaltic,2,,MA/ST/ER,22/11/2022,Eric,23/11/2022,Eric,,V10_CKI_V_9_WC,V10_CKI_V_9_DI,V10_CKI_BC_4,V10_CKI_EB_3,NTC1,I,Plate 2,1
V10_CKI,V,9,WC,V_9_WC,V10_CKI_V_9_WC,22/11/2022,1:00:00 PM,2:30:00 AM,21,43.418,102,59.53,-21.72363333,102.9921667,,,,NA,NA,NA,NA,NA,sentino peristaltic,1,,MA/ST/ER,22/11/2022,Eric,23/11/2022,Eric,,,,V10_CKI_BC_4,V10_CKI_EB_3,NTC1,I,Plate 2,1
V10_CKI,V,9,DI,V_9_DI,V10_CKI_V_9_DI,22/11/2022,1:00:00 PM,2:30:00 AM,21,43.418,102,59.53,-21.72363333,102.9921667,,,,NA,NA,NA,NA,NA,sentino peristaltic,1,,MA/ST/ER,22/11/2022,Eric,23/11/2022,Eric,,,,V10_CKI_BC_4,V10_CKI_EB_3,NTC1,I,Plate 2,1
V10_CKI,X,X,EB,EB_3,V10_CKI_EB_3,NA,NA,NA,NA,NA,NA,NA,NA,NA,,,,NA,NA,NA,NA,NA,NA,NA,,,22/11/2022,Eric,23/11/2022,Eric,,,,,,NTC1,I,Plate 2,1
V10_CKI,U,10,1,U_10_1,V10_CKI_U_10_1,22/11/2022,7:00:00 PM,8:35:00 PM,21,9.814,102,20.122,-21.16356667,102.3353667,Open ocean,Outside,Project_1,5271,10,2,15-20,underway in-line,sentino peristaltic,2,,MA/ST/ER,23/11/2022,Marcelle,24/11/2022,Marcelle,,V10_CKI_U_10_WC,V10_CKI_U_10_DI,V10_CKI_BC_4,V10_CKI_EB_4,NTC1,I,Plate 2,1
V10_CKI,U,10,2,U_10_2,V10_CKI_U_10_2,22/11/2022,7:00:00 PM,8:35:00 PM,21,9.814,102,20.122,-21.16356667,102.3353667,Open ocean,Outside,Project_1,5271,10,2,15-20,underway in-line,sentino peristaltic,2,,MA/ST/ER,23/11/2022,Marcelle,24/11/2022,Marcelle,,V10_CKI_U_10_WC,V10_CKI_U_10_DI,V10_CKI_BC_4,V10_CKI_EB_4,NTC1,I,Plate 2,1
V10_CKI,U,10,3,U_10_3,V10_CKI_U_10_3,22/11/2022,7:00:00 PM,8:35:00 PM,21,9.814,102,20.122,-21.16356667,102.3353667,Open ocean,Outside,Project_1,5271,10,2,15-20,underway in-line,sentino peristaltic,2,,MA/ST/ER,23/11/2022,Marcelle,24/11/2022,Marcelle,,V10_CKI_U_10_WC,V10_CKI_U_10_DI,V10_CKI_BC_4,V10_CKI_EB_4,NTC1,I,Plate 2,1
V10_CKI,U,10,4,U_10_4,V10_CKI_U_10_4,22/11/2022,7:00:00 PM,8:35:00 PM,21,9.814,102,20.122,-21.16356667,102.3353667,Open ocean,Outside,Project_1,5271,10,2,15-20,underway in-line,sentino peristaltic,2,,MA/ST/ER,23/11/2022,Marcelle,24/11/2022,Marcelle,,V10_CKI_U_10_WC,V10_CKI_U_10_DI,V10_CKI_BC_4,V10_CKI_EB_4,NTC1,I,Plate 2,1
V10_CKI,U,10,5,U_10_5,V10_CKI_U_10_5,22/11/2022,7:00:00 PM,8:35:00 PM,21,9.814,102,20.122,-21.16356667,102.3353667,Open ocean,Outside,Project_1,5271,10,2,15-20,underway in-line,sentino peristaltic,2,,MA/ST/ER,23/11/2022,Marcelle,24/11/2022,Marcelle,,V10_CKI_U_10_WC,V10_CKI_U_10_DI,V10_CKI_BC_4,V10_CKI_EB_4,NTC1,I,Plate 2,1
V10_CKI,U,10,WC,U_10_WC,V10_CKI_U_10_WC,22/11/2022,7:00:00 PM,8:35:00 PM,21,9.814,102,20.122,-21.16356667,102.3353667,,,,NA,NA,NA,NA,NA,sentino peristaltic,1,,MA/ST/ER,23/11/2022,Marcelle,24/11/2022,Marcelle,,,,V10_CKI_BC_4,V10_CKI_EB_4,NTC1,I,Plate 2,1
V10_CKI,U,10,DI,U_10_DI,V10_CKI_U_10_DI,22/11/2022,7:00:00 PM,8:35:00 PM,21,9.814,102,20.122,-21.16356667,102.3353667,,,,NA,NA,NA,NA,NA,sentino peristaltic,1,,MA/ST/ER,23/11/2022,Marcelle,24/11/2022,Marcelle,,,,V10_CKI_BC_4,V10_CKI_EB_4,NTC1,I,Plate 2,1
V10_CKI,N,10,1,N_10_1,V10_CKI_N_10_1,22/11/2022,7:00:00 PM,8:35:00 PM,21,9.814,102,20.122,-21.16356667,102.3353667,Open ocean,Outside,Project_1,5271,10,2,15-20,manual niskin,sentino peristaltic,2,,MA/ST/ER,23/11/2022,Marcelle,24/11/2022,Marcelle,,V10_CKI_N_10_WC,V10_CKI_N_10_DI,V10_CKI_BC_4,V10_CKI_EB_4,NTC1,I,Plate 2,1
V10_CKI,N,10,2,N_10_2,V10_CKI_N_10_2,22/11/2022,7:00:00 PM,8:35:00 PM,21,9.814,102,20.122,-21.16356667,102.3353667,Open ocean,Outside,Project_1,5271,10,2,15-20,manual niskin,sentino peristaltic,2,,MA/ST/ER,23/11/2022,Marcelle,24/11/2022,Marcelle,,V10_CKI_N_10_WC,V10_CKI_N_10_DI,V10_CKI_BC_4,V10_CKI_EB_4,NTC1,I,Plate 2,1
V10_CKI,N,10,3,N_10_3,V10_CKI_N_10_3,22/11/2022,7:00:00 PM,8:35:00 PM,21,9.814,102,20.122,-21.16356667,102.3353667,Open ocean,Outside,Project_1,5271,10,2,15-20,manual niskin,sentino peristaltic,2,,MA/ST/ER,23/11/2022,Marcelle,24/11/2022,Marcelle,,V10_CKI_N_10_WC,V10_CKI_N_10_DI,V10_CKI_BC_4,V10_CKI_EB_4,NTC1,I,Plate 2,1
V10_CKI,N,10,4,N_10_4,V10_CKI_N_10_4,22/11/2022,7:00:00 PM,8:35:00 PM,21,9.814,102,20.122,-21.16356667,102.3353667,Open ocean,Outside,Project_1,5271,10,2,15-20,manual niskin,sentino peristaltic,2,,MA/ST/ER,23/11/2022,Marcelle,24/11/2022,Marcelle,,V10_CKI_N_10_WC,V10_CKI_N_10_DI,V10_CKI_BC_4,V10_CKI_EB_4,NTC1,I,Plate 2,1
V10_CKI,N,10,5,N_10_5,V10_CKI_N_10_5,22/11/2022,7:00:00 PM,8:35:00 PM,21,9.814,102,20.122,-21.16356667,102.3353667,Open ocean,Outside,Project_1,5271,10,2,15-20,manual niskin,sentino peristaltic,2,,MA/ST/ER,23/11/2022,Marcelle,24/11/2022,Marcelle,,V10_CKI_N_10_WC,V10_CKI_N_10_DI,V10_CKI_BC_4,V10_CKI_EB_4,NTC1,I,Plate 2,1
V10_CKI,N,10,WC,N_10_WC,V10_CKI_N_10_WC,22/11/2022,7:00:00 PM,8:35:00 PM,21,9.814,102,20.122,-21.16356667,102.3353667,,,,NA,NA,NA,NA,NA,sentino peristaltic,1,,MA/ST/ER,23/11/2022,Marcelle,24/11/2022,Marcelle,,,,V10_CKI_BC_4,V10_CKI_EB_4,NTC1,I,Plate 2,1
V10_CKI,N,10,DI,N_10_DI,V10_CKI_N_10_DI,22/11/2022,7:00:00 PM,8:35:00 PM,21,9.814,102,20.122,-21.16356667,102.3353667,,,,NA,NA,NA,NA,NA,sentino peristaltic,1,,MA/ST/ER,23/11/2022,Marcelle,24/11/2022,Marcelle,,,,V10_CKI_BC_4,V10_CKI_EB_4,NTC1,I,Plate 2,1
V10_CKI,X,X,BC,BC_4,V10_CKI_BC_4,22/11/2022,NA,NA,NA,NA,NA,NA,NA,NA,,,,NA,NA,NA,NA,NA,sentino peristaltic,1,,MA/ST/ER,23/11/2022,Marcelle,24/11/2022,Marcelle,,,,,V10_CKI_EB_4,NTC1,I,Plate 2,1
V10_CKI,U,11,1,U_11_1,V10_CKI_U_11_1,23/11/2022,7:00:00 AM,8:35:00 AM,19,52.393,100,49.092,-19.87321667,100.8182,Open ocean,Outside,Project_1,5325,10,2,15-20,underway in-line,sentino peristaltic,2,,MA/ST/ER,23/11/2022,Marcelle,24/11/2022,Marcelle,,V10_CKI_U_11_WC,V10_CKI_U_11_DI,V10_CKI_BC_5,V10_CKI_EB_4,NTC1,I,Plate 2,1
V10_CKI,U,11,2,U_11_2,V10_CKI_U_11_2,23/11/2022,7:00:00 AM,8:35:00 AM,19,52.393,100,49.092,-19.87321667,100.8182,Open ocean,Outside,Project_1,5325,10,2,15-20,underway in-line,sentino peristaltic,2,,MA/ST/ER,23/11/2022,Marcelle,24/11/2022,Marcelle,,V10_CKI_U_11_WC,V10_CKI_U_11_DI,V10_CKI_BC_5,V10_CKI_EB_4,NTC1,I,Plate 2,1
V10_CKI,U,11,3,U_11_3,V10_CKI_U_11_3,23/11/2022,7:00:00 AM,8:35:00 AM,19,52.393,100,49.092,-19.87321667,100.8182,Open ocean,Outside,Project_1,5325,10,2,15-20,underway in-line,sentino peristaltic,2,,MA/ST/ER,23/11/2022,Marcelle,24/11/2022,Marcelle,,V10_CKI_U_11_WC,V10_CKI_U_11_DI,V10_CKI_BC_5,V10_CKI_EB_4,NTC1,I,Plate 2,1
V10_CKI,U,11,4,U_11_4,V10_CKI_U_11_4,23/11/2022,7:00:00 AM,8:35:00 AM,19,52.393,100,49.092,-19.87321667,100.8182,Open ocean,Outside,Project_1,5325,10,2,15-20,underway in-line,sentino peristaltic,2,,MA/ST/ER,23/11/2022,Marcelle,24/11/2022,Marcelle,,V10_CKI_U_11_WC,V10_CKI_U_11_DI,V10_CKI_BC_5,V10_CKI_EB_4,NTC1,I,Plate 2,1
V10_CKI,U,11,5,U_11_5,V10_CKI_U_11_5,23/11/2022,7:00:00 AM,8:35:00 AM,19,52.393,100,49.092,-19.87321667,100.8182,Open ocean,Outside,Project_1,5325,10,2,15-20,underway in-line,sentino peristaltic,2,,MA/ST/ER,23/11/2022,Marcelle,24/11/2022,Marcelle,,V10_CKI_U_11_WC,V10_CKI_U_11_DI,V10_CKI_BC_5,V10_CKI_EB_4,NTC1,I,Plate 2,1
V10_CKI,U,11,WC,U_11_WC,V10_CKI_U_11_WC,23/11/2022,7:00:00 AM,8:35:00 AM,19,52.393,100,49.092,-19.87321667,100.8182,,,,NA,NA,NA,NA,NA,sentino peristaltic,1,,MA/ST/ER,23/11/2022,Marcelle,24/11/2022,Marcelle,,,,V10_CKI_BC_5,V10_CKI_EB_4,NTC1,I,Plate 2,1
V10_CKI,U,11,DI,U_11_DI,V10_CKI_U_11_DI,23/11/2022,7:00:00 AM,8:35:00 AM,19,52.393,100,49.092,-19.87321667,100.8182,,,,NA,NA,NA,NA,NA,sentino peristaltic,1,,MA/ST/ER,23/11/2022,Marcelle,24/11/2022,Marcelle,,,,V10_CKI_BC_5,V10_CKI_EB_4,NTC1,I,Plate 2,1
V10_CKI,N,11,1,N_11_1,V10_CKI_N_11_1,23/11/2022,7:00:00 AM,8:35:00 AM,19,52.393,100,49.092,-19.87321667,100.8182,Open ocean,Outside,Project_1,5325,10,2,15-20,manual niskin,sentino peristaltic,2,,MA/ST/ER,23/11/2022,Marcelle,24/11/2022,Marcelle,,V10_CKI_N_11_WC,V10_CKI_N_11_DI,V10_CKI_BC_5,V10_CKI_EB_4,NTC1,I,Plate 2,1
V10_CKI,N,11,2,N_11_2,V10_CKI_N_11_2,23/11/2022,7:00:00 AM,8:35:00 AM,19,52.393,100,49.092,-19.87321667,100.8182,Open ocean,Outside,Project_1,5325,10,2,15-20,manual niskin,sentino peristaltic,2,,MA/ST/ER,23/11/2022,Marcelle,24/11/2022,Marcelle,,V10_CKI_N_11_WC,V10_CKI_N_11_DI,V10_CKI_BC_5,V10_CKI_EB_4,NTC1,I,Plate 2,1
V10_CKI,N,11,3,N_11_3,V10_CKI_N_11_3,23/11/2022,7:00:00 AM,8:35:00 AM,19,52.393,100,49.092,-19.87321667,100.8182,Open ocean,Outside,Project_1,5325,10,2,15-20,manual niskin,sentino peristaltic,2,,MA/ST/ER,23/11/2022,Marcelle,24/11/2022,Marcelle,,V10_CKI_N_11_WC,V10_CKI_N_11_DI,V10_CKI_BC_5,V10_CKI_EB_4,NTC1,I,Plate 2,1
V10_CKI,N,11,4,N_11_4,V10_CKI_N_11_4,23/11/2022,7:00:00 AM,8:35:00 AM,19,52.393,100,49.092,-19.87321667,100.8182,Open ocean,Outside,Project_1,5325,10,2,15-20,manual niskin,sentino peristaltic,2,,MA/ST/ER,23/11/2022,Marcelle,24/11/2022,Marcelle,,V10_CKI_N_11_WC,V10_CKI_N_11_DI,V10_CKI_BC_5,V10_CKI_EB_4,NTC1,I,Plate 2,1
V10_CKI,N,11,5,N_11_5,V10_CKI_N_11_5,23/11/2022,7:00:00 AM,8:35:00 AM,19,52.393,100,49.092,-19.87321667,100.8182,Open ocean,Outside,Project_1,5325,10,2,15-20,manual niskin,sentino peristaltic,2,,MA/ST/ER,23/11/2022,Marcelle,24/11/2022,Marcelle,,V10_CKI_N_11_WC,V10_CKI_N_11_DI,V10_CKI_BC_5,V10_CKI_EB_4,NTC1,I,Plate 2,1
V10_CKI,N,11,WC,N_11_WC,V10_CKI_N_11_WC,23/11/2022,7:00:00 AM,8:35:00 AM,19,52.393,100,49.092,-19.87321667,100.8182,,,,NA,NA,NA,NA,NA,sentino peristaltic,1,,MA/ST/ER,23/11/2022,Marcelle,24/11/2022,Marcelle,,,,V10_CKI_BC_5,V10_CKI_EB_4,NTC1,I,Plate 2,1
V10_CKI,N,11,DI,N_11_DI,V10_CKI_N_11_DI,23/11/2022,7:00:00 AM,8:35:00 AM,19,52.393,100,49.092,-19.87321667,100.8182,,,,NA,NA,NA,NA,NA,sentino peristaltic,1,,MA/ST/ER,23/11/2022,Marcelle,24/11/2022,Marcelle,,,,V10_CKI_BC_5,V10_CKI_EB_4,NTC1,I,Plate 2,1
V10_CKI,N,12,1,N_12_1,V10_CKI_N_12_1,23/11/2022,1:00:00 PM,4:05:00 PM,19,14.253,100,4.483,-19.23755,100.0747167,Open ocean,Outside,Project_1,5796,10,2,15,manual niskin,sentino peristaltic,2,,MA/ST/ER,23/11/2022,Marcelle,24/11/2022,Marcelle,,V10_CKI_N_12_WC,V10_CKI_N_12_DI,V10_CKI_BC_5,V10_CKI_EB_4,NTC1,I,Plate 2,1
V10_CKI,N,12,2,N_12_2,V10_CKI_N_12_2,23/11/2022,1:00:00 PM,4:05:00 PM,19,14.253,100,4.483,-19.23755,100.0747167,Open ocean,Outside,Project_1,5796,10,2,15,manual niskin,sentino peristaltic,2,,MA/ST/ER,23/11/2022,Marcelle,24/11/2022,Marcelle,,V10_CKI_N_12_WC,V10_CKI_N_12_DI,V10_CKI_BC_5,V10_CKI_EB_4,NTC1,I,Plate 2,1
V10_CKI,N,12,3,N_12_3,V10_CKI_N_12_3,23/11/2022,1:00:00 PM,4:05:00 PM,19,14.253,100,4.483,-19.23755,100.0747167,Open ocean,Outside,Project_1,5796,10,2,15,manual niskin,sentino peristaltic,2,,MA/ST/ER,23/11/2022,Marcelle,24/11/2022,Marcelle,,V10_CKI_N_12_WC,V10_CKI_N_12_DI,V10_CKI_BC_5,V10_CKI_EB_4,NTC1,I,Plate 2,1
V10_CKI,N,12,4,N_12_4,V10_CKI_N_12_4,23/11/2022,1:00:00 PM,4:05:00 PM,19,14.253,100,4.483,-19.23755,100.0747167,Open ocean,Outside,Project_1,5796,10,2,15,manual niskin,sentino peristaltic,2,,MA/ST/ER,23/11/2022,Marcelle,24/11/2022,Marcelle,,V10_CKI_N_12_WC,V10_CKI_N_12_DI,V10_CKI_BC_5,V10_CKI_EB_4,NTC1,I,Plate 2,1
V10_CKI,N,12,5,N_12_5,V10_CKI_N_12_5,23/11/2022,1:00:00 PM,4:05:00 PM,19,14.253,100,4.483,-19.23755,100.0747167,Open ocean,Outside,Project_1,5796,10,2,15,manual niskin,sentino peristaltic,2,,MA/ST/ER,23/11/2022,Marcelle,24/11/2022,Marcelle,,V10_CKI_N_12_WC,V10_CKI_N_12_DI,V10_CKI_BC_5,V10_CKI_EB_4,NTC1,I,Plate 2,1
V10_CKI,N,12,WC,N_12_WC,V10_CKI_N_12_WC,23/11/2022,1:00:00 PM,4:05:00 PM,19,14.253,100,4.483,-19.23755,100.0747167,,,,NA,NA,NA,NA,NA,sentino peristaltic,1,,MA/ST/ER,23/11/2022,Marcelle,24/11/2022,Marcelle,,,,V10_CKI_BC_5,V10_CKI_EB_4,NTC1,I,Plate 2,1
V10_CKI,N,12,DI,N_12_DI,V10_CKI_N_12_DI,23/11/2022,1:00:00 PM,4:05:00 PM,19,14.253,100,4.483,-19.23755,100.0747167,,,,NA,NA,NA,NA,NA,sentino peristaltic,1,,MA/ST/ER,23/11/2022,Marcelle,24/11/2022,Marcelle,,,,V10_CKI_BC_5,V10_CKI_EB_4,NTC1,I,Plate 2,1
V10_CKI,N_H_5,12,1,N_H_5_12_1,V10_CKI_N_H_5_12_1,23/11/2022,1:00:00 PM,4:05:00 PM,19,14.253,100,4.483,-19.23755,100.0747167,Open ocean,Outside,Project_1,5796,10,2,15,manual niskin,sentino peristaltic,5,,MA/ST/ER,23/11/2022,Marcelle,24/11/2022,Marcelle,,V10_CKI_N_H_12_WC,V10_CKI_N_H__DI,V10_CKI_BC_5,V10_CKI_EB_4,NTC1,I,Plate 2,1
V10_CKI,N_H_5,12,2,N_H_5_12_2,V10_CKI_N_H_5_12_2,23/11/2022,1:00:00 PM,4:05:00 PM,19,14.253,100,4.483,-19.23755,100.0747167,Open ocean,Outside,Project_1,5796,10,2,15,manual niskin,sentino peristaltic,5,,MA/ST/ER,23/11/2022,Marcelle,24/11/2022,Marcelle,,V10_CKI_N_H_12_WC,V10_CKI_N_H__DI,V10_CKI_BC_5,V10_CKI_EB_4,NTC1,I,Plate 2,1
V10_CKI,N_H_5,12,3,N_H_5_12_3,V10_CKI_N_H_5_12_3,23/11/2022,1:00:00 PM,4:05:00 PM,19,14.253,100,4.483,-19.23755,100.0747167,Open ocean,Outside,Project_1,5796,10,2,15,manual niskin,sentino peristaltic,5,,MA/ST/ER,23/11/2022,Marcelle,24/11/2022,Marcelle,,V10_CKI_N_H_12_WC,V10_CKI_N_H__DI,V10_CKI_BC_5,V10_CKI_EB_4,NTC1,I,Plate 2,1
V10_CKI,N_H_2,12,1,N_H_2_12_1,V10_CKI_N_H_2_12_1,23/11/2022,1:00:00 PM,4:05:00 PM,19,14.253,100,4.483,-19.23755,100.0747167,Open ocean,Outside,Project_1,5796,10,2,15,manual niskin,sentino peristaltic,2,,MA/ST/ER,23/11/2022,Marcelle,24/11/2022,Marcelle,,V10_CKI_N_H_12_WC,V10_CKI_N_H__DI,V10_CKI_BC_5,V10_CKI_EB_4,NTC1,I,Plate 2,1
V10_CKI,N_H_2,12,2,N_H_2_12_2,V10_CKI_N_H_2_12_2,23/11/2022,1:00:00 PM,4:05:00 PM,19,14.253,100,4.483,-19.23755,100.0747167,Open ocean,Outside,Project_1,5796,10,2,15,manual niskin,sentino peristaltic,2,,MA/ST/ER,23/11/2022,Marcelle,24/11/2022,Marcelle,,V10_CKI_N_H_12_WC,V10_CKI_N_H__DI,V10_CKI_BC_5,V10_CKI_EB_4,NTC1,I,Plate 2,1
V10_CKI,N_H_2,12,3,N_H_2_12_3,V10_CKI_N_H_2_12_3,23/11/2022,1:00:00 PM,4:05:00 PM,19,14.253,100,4.483,-19.23755,100.0747167,,Outside,Project_1,5796,10,2,15,manual niskin,sentino peristaltic,2,,MA/ST/ER,23/11/2022,Marcelle,24/11/2022,Marcelle,,V10_CKI_N_H_12_WC,V10_CKI_N_H__DI,V10_CKI_BC_5,V10_CKI_EB_4,NTC1,I,Plate 2,1
V10_CKI,N_H,12,WC,N_H_12_WC,V10_CKI_N_H_12_WC,23/11/2022,1:00:00 PM,4:05:00 PM,19,14.253,100,4.483,-19.23755,100.0747167,,,,NA,NA,NA,NA,NA,sentino peristaltic,1,,MA/ST/ER,23/11/2022,Marcelle,24/11/2022,Marcelle,,,,V10_CKI_BC_5,V10_CKI_EB_4,NTC1,I,Plate 2,1
V10_CKI,N_H,12,DI,N_H_12_DI,V10_CKI_N_H_12_DI,23/11/2022,1:00:00 PM,4:05:00 PM,19,14.253,100,4.483,-19.23755,100.0747167,,,,NA,NA,NA,NA,NA,sentino peristaltic,1,,MA/ST/ER,23/11/2022,Marcelle,24/11/2022,Marcelle,,,,V10_CKI_BC_5,V10_CKI_EB_4,NTC1,I,Plate 2,1
V10_CKI,X,X,EB,EB_4,V10_CKI_EB_4,NA,NA,NA,NA,NA,NA,NA,NA,NA,,,,NA,NA,NA,NA,NA,NA,NA,,,,,,,,,,,,NTC1,I,Plate 2,1
V10_CKI,U,13,1,U_13_1,V10_CKI_U_13_1,23/11/2022,7:00:00 PM,8:31:00 PM,18,38.737,99,23.78,-18.64561667,99.39633333,Open ocean,Outside,Project_1,5938,10,2,15,underway in-line,sentino peristaltic,2,,MA/ST/ER,,,30/11/2022,Eric/Marcelle,,V10_CKI_U_13_WC,V10_CKI_U_13_DI,V10_CKI_BC_5,V10_CKI_EB_5,NTC1,I,Plate 2,1
V10_CKI,U,13,2,U_13_2,V10_CKI_U_13_2,23/11/2022,7:00:00 PM,8:31:00 PM,18,38.737,99,23.78,-18.64561667,99.39633333,Open ocean,Outside,Project_1,5938,10,2,15,underway in-line,sentino peristaltic,2,,MA/ST/ER,,,30/11/2022,Eric/Marcelle,,V10_CKI_U_13_WC,V10_CKI_U_13_DI,V10_CKI_BC_5,V10_CKI_EB_5,NTC1,I,Plate 2,1
V10_CKI,U,13,3,U_13_3,V10_CKI_U_13_3,23/11/2022,7:00:00 PM,8:31:00 PM,18,38.737,99,23.78,-18.64561667,99.39633333,Open ocean,Outside,Project_1,5938,10,2,15,underway in-line,sentino peristaltic,2,,MA/ST/ER,,,30/11/2022,Eric/Marcelle,,V10_CKI_U_13_WC,V10_CKI_U_13_DI,V10_CKI_BC_5,V10_CKI_EB_5,NTC1,I,Plate 2,1
V10_CKI,U,13,4,U_13_4,V10_CKI_U_13_4,23/11/2022,7:00:00 PM,8:31:00 PM,18,38.737,99,23.78,-18.64561667,99.39633333,Open ocean,Outside,Project_1,5938,10,2,15,underway in-line,sentino peristaltic,2,,MA/ST/ER,,,30/11/2022,Eric/Marcelle,,V10_CKI_U_13_WC,V10_CKI_U_13_DI,V10_CKI_BC_5,V10_CKI_EB_5,NTC1,I,Plate 2,1
V10_CKI,U,13,5,U_13_5,V10_CKI_U_13_5,23/11/2022,7:00:00 PM,8:31:00 PM,18,38.737,99,23.78,-18.64561667,99.39633333,Open ocean,Outside,Project_1,5938,10,2,15,underway in-line,sentino peristaltic,2,,MA/ST/ER,,,30/11/2022,Eric/Marcelle,,V10_CKI_U_13_WC,V10_CKI_U_13_DI,V10_CKI_BC_5,V10_CKI_EB_5,NTC1,I,Plate 2,1
V10_CKI,U,13,WC,U_13_WC,V10_CKI_U_13_WC,23/11/2022,7:00:00 PM,8:31:00 PM,18,38.737,99,23.78,-18.64561667,99.39633333,,,,NA,NA,NA,NA,NA,sentino peristaltic,1,,MA/ST/ER,,,30/11/2022,Eric/Marcelle,,,,V10_CKI_BC_5,V10_CKI_EB_5,NTC1,I,Plate 2,1
V10_CKI,U,13,DI,U_13_DI,V10_CKI_U_13_DI,23/11/2022,7:00:00 PM,8:31:00 PM,18,38.737,99,23.78,-18.64561667,99.39633333,,,,NA,NA,NA,NA,NA,sentino peristaltic,1,,MA/ST/ER,,,30/11/2022,Eric/Marcelle,,,,V10_CKI_BC_5,V10_CKI_EB_5,NTC1,I,Plate 2,1
V10_CKI,N,13,1,N_13_1,V10_CKI_N_13_1,23/11/2022,7:00:00 PM,8:31:00 PM,18,38.737,99,23.78,-18.64561667,99.39633333,Open ocean,Outside,Project_1,5938,10,2,15,manual niskin,sentino peristaltic,2,,MA/ST/ER,,,30/11/2022,Eric/Marcelle,,V10_CKI_N_13_WC,V10_CKI_N_13_DI,V10_CKI_BC_5,V10_CKI_EB_5,NTC1,I,Plate 2,1
V10_CKI,N,13,2,N_13_2,V10_CKI_N_13_2,23/11/2022,7:00:00 PM,8:31:00 PM,18,38.737,99,23.78,-18.64561667,99.39633333,Open ocean,Outside,Project_1,5938,10,2,15,manual niskin,sentino peristaltic,2,,MA/ST/ER,,,30/11/2022,Eric/Marcelle,,V10_CKI_N_13_WC,V10_CKI_N_13_DI,V10_CKI_BC_5,V10_CKI_EB_5,NTC1,I,Plate 2,1
V10_CKI,N,13,3,N_13_3,V10_CKI_N_13_3,23/11/2022,7:00:00 PM,8:31:00 PM,18,38.737,99,23.78,-18.64561667,99.39633333,Open ocean,Outside,Project_1,5938,10,2,15,manual niskin,sentino peristaltic,2,,MA/ST/ER,,,30/11/2022,Eric/Marcelle,,V10_CKI_N_13_WC,V10_CKI_N_13_DI,V10_CKI_BC_5,V10_CKI_EB_5,NTC1,I,Plate 2,1
V10_CKI,N,13,4,N_13_4,V10_CKI_N_13_4,23/11/2022,7:00:00 PM,8:31:00 PM,18,38.737,99,23.78,-18.64561667,99.39633333,Open ocean,Outside,Project_1,5938,10,2,15,manual niskin,sentino peristaltic,2,,MA/ST/ER,,,30/11/2022,Eric/Marcelle,,V10_CKI_N_13_WC,V10_CKI_N_13_DI,V10_CKI_BC_5,V10_CKI_EB_5,NTC1,I,Plate 2,1
V10_CKI,N,13,5,N_13_5,V10_CKI_N_13_5,23/11/2022,7:00:00 PM,8:31:00 PM,18,38.737,99,23.78,-18.64561667,99.39633333,Open ocean,Outside,Project_1,5938,10,2,15,manual niskin,sentino peristaltic,2,,MA/ST/ER,,,30/11/2022,Eric/Marcelle,,V10_CKI_N_13_WC,V10_CKI_N_13_DI,V10_CKI_BC_5,V10_CKI_EB_5,NTC1,I,Plate 2,1
V10_CKI,N,13,WC,N_13_WC,V10_CKI_N_13_WC,23/11/2022,7:00:00 PM,8:31:00 PM,18,38.737,99,23.78,-18.64561667,99.39633333,,,,NA,NA,NA,NA,NA,sentino peristaltic,1,,MA/ST/ER,,,30/11/2022,Eric/Marcelle,,,,V10_CKI_BC_5,V10_CKI_EB_5,NTC1,I,Plate 2,1
V10_CKI,N,13,DI,N_13_DI,V10_CKI_N_13_DI,23/11/2022,7:00:00 PM,8:31:00 PM,18,38.737,99,23.78,-18.64561667,99.39633333,,,,NA,NA,NA,NA,NA,sentino peristaltic,1,,MA/ST/ER,,,30/11/2022,Eric/Marcelle,,,,V10_CKI_BC_5,V10_CKI_EB_5,NTC1,I,Plate 2,1
V10_CKI,X,X,BC,BC_5,V10_CKI_BC_5,23/11/2022,NA,NA,NA,NA,NA,NA,NA,NA,,,,,NA,NA,NA,NA,sentino peristaltic,1,,MA/ST/ER,,,30/11/2022,Eric/Marcelle,,,,,V10_CKI_EB_5,NTC1,I,Plate 3,1
V10_CKI,U,14,1,U_14_1,V10_CKI_U_14_1,24/11/2022,7:00:00 AM,8:47:00 AM,17,17.797,97,50.431,-17.29661667,97.84051667,Open ocean,Outside,Project_1,5320,10,1,15,underway in-line,sentino peristaltic,2,,MA/ST/ER,,,30/11/2022,Eric/Marcelle,,V10_CKI_U_14_WC,V10_CKI_U_14_DI,V10_CKI_BC_6,V10_CKI_EB_5,NTC1,I,Plate 3,1
V10_CKI,U,14,2,U_14_2,V10_CKI_U_14_2,24/11/2022,7:00:00 AM,8:47:00 AM,17,17.797,97,50.431,-17.29661667,97.84051667,Open ocean,Outside,Project_1,5320,10,1,15,underway in-line,sentino peristaltic,2,,MA/ST/ER,,,30/11/2022,Eric/Marcelle,,V10_CKI_U_14_WC,V10_CKI_U_14_DI,V10_CKI_BC_6,V10_CKI_EB_5,NTC1,I,Plate 3,1
V10_CKI,U,14,3,U_14_3,V10_CKI_U_14_3,24/11/2022,7:00:00 AM,8:47:00 AM,17,17.797,97,50.431,-17.29661667,97.84051667,Open ocean,Outside,Project_1,5320,10,1,15,underway in-line,sentino peristaltic,2,,MA/ST/ER,,,30/11/2022,Eric/Marcelle,,V10_CKI_U_14_WC,V10_CKI_U_14_DI,V10_CKI_BC_6,V10_CKI_EB_5,NTC1,I,Plate 3,1
V10_CKI,U,14,4,U_14_4,V10_CKI_U_14_4,24/11/2022,7:00:00 AM,8:47:00 AM,17,17.797,97,50.431,-17.29661667,97.84051667,Open ocean,Outside,Project_1,5320,10,1,15,underway in-line,sentino peristaltic,2,,MA/ST/ER,,,30/11/2022,Eric/Marcelle,,V10_CKI_U_14_WC,V10_CKI_U_14_DI,V10_CKI_BC_6,V10_CKI_EB_5,NTC1,I,Plate 3,1
V10_CKI,U,14,5,U_14_5,V10_CKI_U_14_5,24/11/2022,7:00:00 AM,8:47:00 AM,17,17.797,97,50.431,-17.29661667,97.84051667,Open ocean,Outside,Project_1,5320,10,1,15,underway in-line,sentino peristaltic,2,,MA/ST/ER,,,30/11/2022,Eric/Marcelle,,V10_CKI_U_14_WC,V10_CKI_U_14_DI,V10_CKI_BC_6,V10_CKI_EB_5,NTC1,I,Plate 3,1
V10_CKI,U,14,WC,U_14_WC,V10_CKI_U_14_WC,24/11/2022,7:00:00 AM,8:47:00 AM,17,17.797,97,50.431,-17.29661667,97.84051667,,,,NA,NA,NA,NA,NA,sentino peristaltic,1,,MA/ST/ER,,,30/11/2022,Eric/Marcelle,,,,V10_CKI_BC_6,V10_CKI_EB_5,NTC1,I,Plate 3,1
V10_CKI,U,14,DI,U_14_DI,V10_CKI_U_14_DI,24/11/2022,7:00:00 AM,8:47:00 AM,17,17.797,97,50.431,-17.29661667,97.84051667,,,,NA,NA,NA,NA,NA,sentino peristaltic,1,,MA/ST/ER,,,30/11/2022,Eric/Marcelle,,,,V10_CKI_BC_6,V10_CKI_EB_5,NTC1,I,Plate 3,1
V10_CKI,N,14,1,N_14_1,V10_CKI_N_14_1,24/11/2022,7:00:00 AM,8:47:00 AM,17,17.797,97,50.431,-17.29661667,97.84051667,Open ocean,Outside,Project_1,5320,10,1,15,manual niskin,sentino peristaltic,2,,MA/ST/ER,,,30/11/2022,Eric/Marcelle,,V10_CKI_N_14_WC,V10_CKI_N_14_DI,V10_CKI_BC_6,V10_CKI_EB_5,NTC1,I,Plate 3,1
V10_CKI,N,14,2,N_14_2,V10_CKI_N_14_2,24/11/2022,7:00:00 AM,8:47:00 AM,17,17.797,97,50.431,-17.29661667,97.84051667,Open ocean,Outside,Project_1,5320,10,1,15,manual niskin,sentino peristaltic,2,,MA/ST/ER,,,30/11/2022,Eric/Marcelle,,V10_CKI_N_14_WC,V10_CKI_N_14_DI,V10_CKI_BC_6,V10_CKI_EB_5,NTC1,I,Plate 3,1
V10_CKI,N,14,3,N_14_3,V10_CKI_N_14_3,24/11/2022,7:00:00 AM,8:47:00 AM,17,17.797,97,50.431,-17.29661667,97.84051667,Open ocean,Outside,Project_1,5320,10,1,15,manual niskin,sentino peristaltic,2,,MA/ST/ER,,,30/11/2022,Eric/Marcelle,,V10_CKI_N_14_WC,V10_CKI_N_14_DI,V10_CKI_BC_6,V10_CKI_EB_5,NTC1,I,Plate 3,1
V10_CKI,N,14,4,N_14_4,V10_CKI_N_14_4,24/11/2022,7:00:00 AM,8:47:00 AM,17,17.797,97,50.431,-17.29661667,97.84051667,Open ocean,Outside,Project_1,5320,10,1,15,manual niskin,sentino peristaltic,2,,MA/ST/ER,,,30/11/2022,Eric/Marcelle,,V10_CKI_N_14_WC,V10_CKI_N_14_DI,V10_CKI_BC_6,V10_CKI_EB_5,NTC1,I,Plate 3,1
V10_CKI,N,14,5,N_14_5,V10_CKI_N_14_5,24/11/2022,7:00:00 AM,8:47:00 AM,17,17.797,97,50.431,-17.29661667,97.84051667,Open ocean,Outside,Project_1,5320,10,1,15,manual niskin,sentino peristaltic,2,,MA/ST/ER,,,30/11/2022,Eric/Marcelle,,V10_CKI_N_14_WC,V10_CKI_N_14_DI,V10_CKI_BC_6,V10_CKI_EB_5,NTC1,I,Plate 3,1
V10_CKI,N,14,WC,N_14_WC,V10_CKI_N_14_WC,24/11/2022,7:00:00 AM,8:47:00 AM,17,17.797,97,50.431,-17.29661667,97.84051667,,,,NA,NA,NA,NA,NA,sentino peristaltic,1,,MA/ST/ER,,,30/11/2022,Eric/Marcelle,,,,V10_CKI_BC_6,V10_CKI_EB_5,NTC1,I,Plate 3,1
V10_CKI,N,14,DI,N_14_DI,V10_CKI_N_14_DI,24/11/2022,7:00:00 AM,8:47:00 AM,17,17.797,97,50.431,-17.29661667,97.84051667,,,,NA,NA,NA,NA,NA,sentino peristaltic,1,,MA/ST/ER,,,30/11/2022,Eric/Marcelle,,,,V10_CKI_BC_6,V10_CKI_EB_5,NTC1,I,Plate 3,1
,,,,,,,,,,,,,,,,,,,,,,,,,,,,,,,,,,,,,,,
,,,,,,,,,,,,,,,,,,,,,,,,,,,,,,,,,,,,,,,
,,,,,,,,,,,,,,,,,,,,,,,,,,,,,,,,,,,,,,,
,,,,,,,,,,,,,,,,,,,,,,,,,,,,,,,,,,,,,,,
,,,,,,,,,,,,,,,,,,,,,,,,,,,,,,,,,,,,,,,
,,,,,,,,,,,,,,,,,,,,,,,,,,,,,,,,,,,,,,,
,,,,,,,,,,,,,,,,,,,,,,,,,,,,,,,,,,,,,,,
,,,,,,,,,,,,,,,,,,,,,,,,,,,,,,,,,,,,,,,
,,,,,,,,,,,,,,,,,,,,,,,,,,,,,,,,,,,,,,,
,,,,,,,,,,,,,,,,,,,,,,,,,,,,,,,,,,,,,,,
,,,,,,,,,,,,,,,,,,,,,,,,,,,,,,,,,,,,,,,
,,,,,,,,,,,,,,,,,,,,,,,,,,,,,,,,,,,,,,,
,,,,,,,,,,,,,,,,,,,,,,,,,,,,,,,,,,,,,,,
,,,,,,,,,,,,,,,,,,,,,,,,,,,,,,,,,,,,,,,
,,,,,,,,,,,,,,,,,,,,,,,,,,,,,,,,,,,,,,,
,,,,,,,,,,,,,,,,,,,,,,,,,,,,,,,,,,,,,,,
,,,,,,,,,,,,,,,,,,,,,,,,,,,,,,,,,,,,,,,
,,,,,,,,,,,,,,,,,,,,,,,,,,,,,,,,,,,,,,,
,,,,,,,,,,,,,,,,,,,,,,,,,,,,,,,,,,,,,,,
,,,,,,,,,,,,,,,,,,,,,,,,,,,,,,,,,,,,,,,
,,,,,,,,,,,,,,,,,,,,,,,,,,,,,,,,,,,,,,,
,,,,,,,,,,,,,,,,,,,,,,,,,,,,,,,,,,,,,,,
,,,,,,,,,,,,,,,,,,,,,,,,,,,,,,,,,,,,,,,
,,,,,,,,,,,,,,,,,,,,,,,,,,,,,,,,,,,,,,,
,,,,,,,,,,,,,,,,,,,,,,,,,,,,,,,,,,,,,,,
,,,,,,,,,,,,,,,,,,,,,,,,,,,,,,,,,,,,,,,
,,,,,,,,,,,,,,,,,,,,,,,,,,,,,,,,,,,,,,,
,,,,,,,,,,,,,,,,,,,,,,,,,,,,,,,,,,,,,,,
,,,,,,,,,,,,,,,,,,,,,,,,,,,,,,,,,,,,,,,
,,,,,,,,,,,,,,,,,,,,,,,,,,,,,,,,,,,,,,,
,,,,,,,,,,,,,,,,,,,,,,,,,,,,,,,,,,,,,,,
,,,,,,,,,,,,,,,,,,,,,,,,,,,,,,,,,,,,,,,
,,,,,,,,,,,,,,,,,,,,,,,,,,,,,,,,,,,,,,,
,,,,,,,,,,,,,,,,,,,,,,,,,,,,,,,,,,,,,,,
,,,,,,,,,,,,,,,,,,,,,,,,,,,,,,,,,,,,,,,
,,,,,,,,,,,,,,,,,,,,,,,,,,,,,,,,,,,,,,,
,,,,,,,,,,,,,,,,,,,,,,,,,,,,,,,,,,,,,,,
,,,,,,,,,,,,,,,,,,,,,,,,,,,,,,,,,,,,,,,
,,,,,,,,,,,,,,,,,,,,,,,,,,,,,,,,,,,,,,,
,,,,,,,,,,,,,,,,,,,,,,,,,,,,,,,,,,,,,,,
,,,,,,,,,,,,,,,,,,,,,,,,,,,,,,,,,,,,,,,
,,,,,,,,,,,,,,,,,,,,,,,,,,,,,,,,,,,,,,,
,,,,,,,,,,,,,,,,,,,,,,,,,,,,,,,,,,,,,,,
,,,,,,,,,,,,,,,,,,,,,,,,,,,,,,,,,,,,,,,
,,,,,,,,,,,,,,,,,,,,,,,,,,,,,,,,,,,,,,,
,,,,,,,,,,,,,,,,,,,,,,,,,,,,,,,,,,,,,,,
,,,,,,,,,,,,,,,,,,,,,,,,,,,,,,,,,,,,,,,
,,,,,,,,,,,,,,,,,,,,,,,,,,,,,,,,,,,,,,,
,,,,,,,,,,,,,,,,,,,,,,,,,,,,,,,,,,,,,,,
,,,,,,,,,,,,,,,,,,,,,,,,,,,,,,,,,,,,,,,
,,,,,,,,,,,,,,,,,,,,,,,,,,,,,,,,,,,,,,,
,,,,,,,,,,,,,,,,,,,,,,,,,,,,,,,,,,,,,,,
,,,,,,,,,,,,,,,,,,,,,,,,,,,,,,,,,,,,,,,
,,,,,,,,,,,,,,,,,,,,,,,,,,,,,,,,,,,,,,,
,,,,,,,,,,,,,,,,,,,,,,,,,,,,,,,,,,,,,,,
,,,,,,,,,,,,,,,,,,,,,,,,,,,,,,,,,,,,,,,
,,,,,,,,,,,,,,,,,,,,,,,,,,,,,,,,,,,,,,,
,,,,,,,,,,,,,,,,,,,,,,,,,,,,,,,,,,,,,,,
,,,,,,,,,,,,,,,,,,,,,,,,,,,,,,,,,,,,,,,
,,,,,,,,,,,,,,,,,,,,,,,,,,,,,,,,,,,,,,,
,,,,,,,,,,,,,,,,,,,,,,,,,,,,,,,,,,,,,,,
,,,,,,,,,,,,,,,,,,,,,,,,,,,,,,,,,,,,,,,
,,,,,,,,,,,,,,,,,,,,,,,,,,,,,,,,,,,,,,,
,,,,,,,,,,,,,,,,,,,,,,,,,,,,,,,,,,,,,,,
,,,,,,,,,,,,,,,,,,,,,,,,,,,,,,,,,,,,,,,
,,,,,,,,,,,,,,,,,,,,,,,,,,,,,,,,,,,,,,,
,,,,,,,,,,,,,,,,,,,,,,,,,,,,,,,,,,,,,,,
,,,,,,,,,,,,,,,,,,,,,,,,,,,,,,,,,,,,,,,
,,,,,,,,,,,,,,,,,,,,,,,,,,,,,,,,,,,,,,,
,,,,,,,,,,,,,,,,,,,,,,,,,,,,,,,,,,,,,,,
,,,,,,,,,,,,,,,,,,,,,,,,,,,,,,,,,,,,,,,
,,,,,,,,,,,,,,,,,,,,,,,,,,,,,,,,,,,,,,,
,,,,,,,,,,,,,,,,,,,,,,,,,,,,,,,,,,,,,,,
,,,,,,,,,,,,,,,,,,,,,,,,,,,,,,,,,,,,,,,
,,,,,,,,,,,,,,,,,,,,,,,,,,,,,,,,,,,,,,,
,,,,,,,,,,,,,,,,,,,,,,,,,,,,,,,,,,,,,,,
,,,,,,,,,,,,,,,,,,,,,,,,,,,,,,,,,,,,,,,
,,,,,,,,,,,,,,,,,,,,,,,,,,,,,,,,,,,,,,,
,,,,,,,,,,,,,,,,,,,,,,,,,,,,,,,,,,,,,,,
,,,,,,,,,,,,,,,,,,,,,,,,,,,,,,,,,,,,,,,
,,,,,,,,,,,,,,,,,,,,,,,,,,,,,,,,,,,,,,,
,,,,,,,,,,,,,,,,,,,,,,,,,,,,,,,,,,,,,,,
,,,,,,,,,,,,,,,,,,,,,,,,,,,,,,,,,,,,,,,
,,,,,,,,,,,,,,,,,,,,,,,,,,,,,,,,,,,,,,,
,,,,,,,,,,,,,,,,,,,,,,,,,,,,,,,,,,,,,,,
,,,,,,,,,,,,,,,,,,,,,,,,,,,,,,,,,,,,,,,
,,,,,,,,,,,,,,,,,,,,,,,,,,,,,,,,,,,,,,,
,,,,,,,,,,,,,,,,,,,,,,,,,,,,,,,,,,,,,,,
,,,,,,,,,,,,,,,,,,,,,,,,,,,,,,,,,,,,,,,
,,,,,,,,,,,,,,,,,,,,,,,,,,,,,,,,,,,,,,,
,,,,,,,,,,,,,,,,,,,,,,,,,,,,,,,,,,,,,,,
,,,,,,,,,,,,,,,,,,,,,,,,,,,,,,,,,,,,,,,
,,,,,,,,,,,,,,,,,,,,,,,,,,,,,,,,,,,,,,,
,,,,,,,,,,,,,,,,,,,,,,,,,,,,,,,,,,,,,,,
,,,,,,,,,,,,,,,,,,,,,,,,,,,,,,,,,,,,,,,
,,,,,,,,,,,,,,,,,,,,,,,,,,,,,,,,,,,,,,,
,,,,,,,,,,,,,,,,,,,,,,,,,,,,,,,,,,,,,,,
,,,,,,,,,,,,,,,,,,,,,,,,,,,,,,,,,,,,,,,
,,,,,,,,,,,,,,,,,,,,,,,,,,,,,,,,,,,,,,,
,,,,,,,,,,,,,,,,,,,,,,,,,,,,,,,,,,,,,,,
,,,,,,,,,,,,,,,,,,,,,,,,,,,,,,,,,,,,,,,
,,,,,,,,,,,,,,,,,,,,,,,,,,,,,,,,,,,,,,,
,,,,,,,,,,,,,,,,,,,,,,,,,,,,,,,,,,,,,,,
,,,,,,,,,,,,,,,,,,,,,,,,,,,,,,,,,,,,,,,
,,,,,,,,,,,,,,,,,,,,,,,,,,,,,,,,,,,,,,,
,,,,,,,,,,,,,,,,,,,,,,,,,,,,,,,,,,,,,,,
,,,,,,,,,,,,,,,,,,,,,,,,,,,,,,,,,,,,,,,
,,,,,,,,,,,,,,,,,,,,,,,,,,,,,,,,,,,,,,,
,,,,,,,,,,,,,,,,,,,,,,,,,,,,,,,,,,,,,,,
,,,,,,,,,,,,,,,,,,,,,,,,,,,,,,,,,,,,,,,
,,,,,,,,,,,,,,,,,,,,,,,,,,,,,,,,,,,,,,,
,,,,,,,,,,,,,,,,,,,,,,,,,,,,,,,,,,,,,,,
,,,,,,,,,,,,,,,,,,,,,,,,,,,,,,,,,,,,,,,
,,,,,,,,,,,,,,,,,,,,,,,,,,,,,,,,,,,,,,,
,,,,,,,,,,,,,,,,,,,,,,,,,,,,,,,,,,,,,,,
,,,,,,,,,,,,,,,,,,,,,,,,,,,,,,,,,,,,,,,
,,,,,,,,,,,,,,,,,,,,,,,,,,,,,,,,,,,,,,,
,,,,,,,,,,,,,,,,,,,,,,,,,,,,,,,,,,,,,,,
,,,,,,,,,,,,,,,,,,,,,,,,,,,,,,,,,,,,,,,
,,,,,,,,,,,,,,,,,,,,,,,,,,,,,,,,,,,,,,,
,,,,,,,,,,,,,,,,,,,,,,,,,,,,,,,,,,,,,,,
,,,,,,,,,,,,,,,,,,,,,,,,,,,,,,,,,,,,,,,
,,,,,,,,,,,,,,,,,,,,,,,,,,,,,,,,,,,,,,,
,,,,,,,,,,,,,,,,,,,,,,,,,,,,,,,,,,,,,,,
,,,,,,,,,,,,,,,,,,,,,,,,,,,,,,,,,,,,,,,
,,,,,,,,,,,,,,,,,,,,,,,,,,,,,,,,,,,,,,,
,,,,,,,,,,,,,,,,,,,,,,,,,,,,,,,,,,,,,,,
,,,,,,,,,,,,,,,,,,,,,,,,,,,,,,,,,,,,,,,
,,,,,,,,,,,,,,,,,,,,,,,,,,,,,,,,,,,,,,,
,,,,,,,,,,,,,,,,,,,,,,,,,,,,,,,,,,,,,,,
,,,,,,,,,,,,,,,,,,,,,,,,,,,,,,,,,,,,,,,
,,,,,,,,,,,,,,,,,,,,,,,,,,,,,,,,,,,,,,,
,,,,,,,,,,,,,,,,,,,,,,,,,,,,,,,,,,,,,,,
,,,,,,,,,,,,,,,,,,,,,,,,,,,,,,,,,,,,,,,
,,,,,,,,,,,,,,,,,,,,,,,,,,,,,,,,,,,,,,,
,,,,,,,,,,,,,,,,,,,,,,,,,,,,,,,,,,,,,,,
,,,,,,,,,,,,,,,,,,,,,,,,,,,,,,,,,,,,,,,
,,,,,,,,,,,,,,,,,,,,,,,,,,,,,,,,,,,,,,,
,,,,,,,,,,,,,,,,,,,,,,,,,,,,,,,,,,,,,,,
,,,,,,,,,,,,,,,,,,,,,,,,,,,,,,,,,,,,,,,
,,,,,,,,,,,,,,,,,,,,,,,,,,,,,,,,,,,,,,,
,,,,,,,,,,,,,,,,,,,,,,,,,,,,,,,,,,,,,,,
,,,,,,,,,,,,,,,,,,,,,,,,,,,,,,,,,,,,,,,
,,,,,,,,,,,,,,,,,,,,,,,,,,,,,,,,,,,,,,,
,,,,,,,,,,,,,,,,,,,,,,,,,,,,,,,,,,,,,,,
,,,,,,,,,,,,,,,,,,,,,,,,,,,,,,,,,,,,,,,
,,,,,,,,,,,,,,,,,,,,,,,,,,,,,,,,,,,,,,,
,,,,,,,,,,,,,,,,,,,,,,,,,,,,,,,,,,,,,,,
,,,,,,,,,,,,,,,,,,,,,,,,,,,,,,,,,,,,,,,
,,,,,,,,,,,,,,,,,,,,,,,,,,,,,,,,,,,,,,,
,,,,,,,,,,,,,,,,,,,,,,,,,,,,,,,,,,,,,,,
,,,,,,,,,,,,,,,,,,,,,,,,,,,,,,,,,,,,,,,
,,,,,,,,,,,,,,,,,,,,,,,,,,,,,,,,,,,,,,,
,,,,,,,,,,,,,,,,,,,,,,,,,,,,,,,,,,,,,,,
,,,,,,,,,,,,,,,,,,,,,,,,,,,,,,,,,,,,,,,
,,,,,,,,,,,,,,,,,,,,,,,,,,,,,,,,,,,,,,,
,,,,,,,,,,,,,,,,,,,,,,,,,,,,,,,,,,,,,,,
,,,,,,,,,,,,,,,,,,,,,,,,,,,,,,,,,,,,,,,
,,,,,,,,,,,,,,,,,,,,,,,,,,,,,,,,,,,,,,,
,,,,,,,,,,,,,,,,,,,,,,,,,,,,,,,,,,,,,,,
,,,,,,,,,,,,,,,,,,,,,,,,,,,,,,,,,,,,,,,
,,,,,,,,,,,,,,,,,,,,,,,,,,,,,,,,,,,,,,,
,,,,,,,,,,,,,,,,,,,,,,,,,,,,,,,,,,,,,,,
,,,,,,,,,,,,,,,,,,,,,,,,,,,,,,,,,,,,,,,
,,,,,,,,,,,,,,,,,,,,,,,,,,,,,,,,,,,,,,,
,,,,,,,,,,,,,,,,,,,,,,,,,,,,,,,,,,,,,,,
,,,,,,,,,,,,,,,,,,,,,,,,,,,,,,,,,,,,,,,
,,,,,,,,,,,,,,,,,,,,,,,,,,,,,,,,,,,,,,,
,,,,,,,,,,,,,,,,,,,,,,,,,,,,,,,,,,,,,,,
,,,,,,,,,,,,,,,,,,,,,,,,,,,,,,,,,,,,,,,
,,,,,,,,,,,,,,,,,,,,,,,,,,,,,,,,,,,,,,,
,,,,,,,,,,,,,,,,,,,,,,,,,,,,,,,,,,,,,,,
,,,,,,,,,,,,,,,,,,,,,,,,,,,,,,,,,,,,,,,
,,,,,,,,,,,,,,,,,,,,,,,,,,,,,,,,,,,,,,,
,,,,,,,,,,,,,,,,,,,,,,,,,,,,,,,,,,,,,,,
,,,,,,,,,,,,,,,,,,,,,,,,,,,,,,,,,,,,,,,
,,,,,,,,,,,,,,,,,,,,,,,,,,,,,,,,,,,,,,,
,,,,,,,,,,,,,,,,,,,,,,,,,,,,,,,,,,,,,,,
,,,,,,,,,,,,,,,,,,,,,,,,,,,,,,,,,,,,,,,
,,,,,,,,,,,,,,,,,,,,,,,,,,,,,,,,,,,,,,,
,,,,,,,,,,,,,,,,,,,,,,,,,,,,,,,,,,,,,,,
,,,,,,,,,,,,,,,,,,,,,,,,,,,,,,,,,,,,,,,
,,,,,,,,,,,,,,,,,,,,,,,,,,,,,,,,,,,,,,,
,,,,,,,,,,,,,,,,,,,,,,,,,,,,,,,,,,,,,,,
,,,,,,,,,,,,,,,,,,,,,,,,,,,,,,,,,,,,,,,
,,,,,,,,,,,,,,,,,,,,,,,,,,,,,,,,,,,,,,,
,,,,,,,,,,,,,,,,,,,,,,,,,,,,,,,,,,,,,,,
,,,,,,,,,,,,,,,,,,,,,,,,,,,,,,,,,,,,,,,
,,,,,,,,,,,,,,,,,,,,,,,,,,,,,,,,,,,,,,,
,,,,,,,,,,,,,,,,,,,,,,,,,,,,,,,,,,,,,,,
,,,,,,,,,,,,,,,,,,,,,,,,,,,,,,,,,,,,,,,
,,,,,,,,,,,,,,,,,,,,,,,,,,,,,,,,,,,,,,,
,,,,,,,,,,,,,,,,,,,,,,,,,,,,,,,,,,,,,,,
,,,,,,,,,,,,,,,,,,,,,,,,,,,,,,,,,,,,,,,
,,,,,,,,,,,,,,,,,,,,,,,,,,,,,,,,,,,,,,,
,,,,,,,,,,,,,,,,,,,,,,,,,,,,,,,,,,,,,,,
,,,,,,,,,,,,,,,,,,,,,,,,,,,,,,,,,,,,,,,
,,,,,,,,,,,,,,,,,,,,,,,,,,,,,,,,,,,,,,,
,,,,,,,,,,,,,,,,,,,,,,,,,,,,,,,,,,,,,,,
,,,,,,,,,,,,,,,,,,,,,,,,,,,,,,,,,,,,,,,
,,,,,,,,,,,,,,,,,,,,,,,,,,,,,,,,,,,,,,,
,,,,,,,,,,,,,,,,,,,,,,,,,,,,,,,,,,,,,,,
,,,,,,,,,,,,,,,,,,,,,,,,,,,,,,,,,,,,,,,
,,,,,,,,,,,,,,,,,,,,,,,,,,,,,,,,,,,,,,,
,,,,,,,,,,,,,,,,,,,,,,,,,,,,,,,,,,,,,,,
,,,,,,,,,,,,,,,,,,,,,,,,,,,,,,,,,,,,,,,
,,,,,,,,,,,,,,,,,,,,,,,,,,,,,,,,,,,,,,,
,,,,,,,,,,,,,,,,,,,,,,,,,,,,,,,,,,,,,,,
,,,,,,,,,,,,,,,,,,,,,,,,,,,,,,,,,,,,,,,
,,,,,,,,,,,,,,,,,,,,,,,,,,,,,,,,,,,,,,,
,,,,,,,,,,,,,,,,,,,,,,,,,,,,,,,,,,,,,,,
,,,,,,,,,,,,,,,,,,,,,,,,,,,,,,,,,,,,,,,
,,,,,,,,,,,,,,,,,,,,,,,,,,,,,,,,,,,,,,,
,,,,,,,,,,,,,,,,,,,,,,,,,,,,,,,,,,,,,,,
,,,,,,,,,,,,,,,,,,,,,,,,,,,,,,,,,,,,,,,
,,,,,,,,,,,,,,,,,,,,,,,,,,,,,,,,,,,,,,,
,,,,,,,,,,,,,,,,,,,,,,,,,,,,,,,,,,,,,,,
,,,,,,,,,,,,,,,,,,,,,,,,,,,,,,,,,,,,,,,
,,,,,,,,,,,,,,,,,,,,,,,,,,,,,,,,,,,,,,,
,,,,,,,,,,,,,,,,,,,,,,,,,,,,,,,,,,,,,,,
,,,,,,,,,,,,,,,,,,,,,,,,,,,,,,,,,,,,,,,
,,,,,,,,,,,,,,,,,,,,,,,,,,,,,,,,,,,,,,,
,,,,,,,,,,,,,,,,,,,,,,,,,,,,,,,,,,,,,,,
,,,,,,,,,,,,,,,,,,,,,,,,,,,,,,,,,,,,,,,
,,,,,,,,,,,,,,,,,,,,,,,,,,,,,,,,,,,,,,,
,,,,,,,,,,,,,,,,,,,,,,,,,,,,,,,,,,,,,,,
,,,,,,,,,,,,,,,,,,,,,,,,,,,,,,,,,,,,,,,
,,,,,,,,,,,,,,,,,,,,,,,,,,,,,,,,,,,,,,,
,,,,,,,,,,,,,,,,,,,,,,,,,,,,,,,,,,,,,,,
,,,,,,,,,,,,,,,,,,,,,,,,,,,,,,,,,,,,,,,
,,,,,,,,,,,,,,,,,,,,,,,,,,,,,,,,,,,,,,,
,,,,,,,,,,,,,,,,,,,,,,,,,,,,,,,,,,,,,,,
,,,,,,,,,,,,,,,,,,,,,,,,,,,,,,,,,,,,,,,
,,,,,,,,,,,,,,,,,,,,,,,,,,,,,,,,,,,,,,,
,,,,,,,,,,,,,,,,,,,,,,,,,,,,,,,,,,,,,,,
,,,,,,,,,,,,,,,,,,,,,,,,,,,,,,,,,,,,,,,
,,,,,,,,,,,,,,,,,,,,,,,,,,,,,,,,,,,,,,,
,,,,,,,,,,,,,,,,,,,,,,,,,,,,,,,,,,,,,,,
,,,,,,,,,,,,,,,,,,,,,,,,,,,,,,,,,,,,,,,
,,,,,,,,,,,,,,,,,,,,,,,,,,,,,,,,,,,,,,,
,,,,,,,,,,,,,,,,,,,,,,,,,,,,,,,,,,,,,,,
,,,,,,,,,,,,,,,,,,,,,,,,,,,,,,,,,,,,,,,
,,,,,,,,,,,,,,,,,,,,,,,,,,,,,,,,,,,,,,,
,,,,,,,,,,,,,,,,,,,,,,,,,,,,,,,,,,,,,,,
,,,,,,,,,,,,,,,,,,,,,,,,,,,,,,,,,,,,,,,
,,,,,,,,,,,,,,,,,,,,,,,,,,,,,,,,,,,,,,,
,,,,,,,,,,,,,,,,,,,,,,,,,,,,,,,,,,,,,,,
,,,,,,,,,,,,,,,,,,,,,,,,,,,,,,,,,,,,,,,
,,,,,,,,,,,,,,,,,,,,,,,,,,,,,,,,,,,,,,,
,,,,,,,,,,,,,,,,,,,,,,,,,,,,,,,,,,,,,,,
,,,,,,,,,,,,,,,,,,,,,,,,,,,,,,,,,,,,,,,
,,,,,,,,,,,,,,,,,,,,,,,,,,,,,,,,,,,,,,,
,,,,,,,,,,,,,,,,,,,,,,,,,,,,,,,,,,,,,,,
,,,,,,,,,,,,,,,,,,,,,,,,,,,,,,,,,,,,,,,
,,,,,,,,,,,,,,,,,,,,,,,,,,,,,,,,,,,,,,,
,,,,,,,,,,,,,,,,,,,,,,,,,,,,,,,,,,,,,,,
,,,,,,,,,,,,,,,,,,,,,,,,,,,,,,,,,,,,,,,
,,,,,,,,,,,,,,,,,,,,,,,,,,,,,,,,,,,,,,,
,,,,,,,,,,,,,,,,,,,,,,,,,,,,,,,,,,,,,,,
,,,,,,,,,,,,,,,,,,,,,,,,,,,,,,,,,,,,,,,
,,,,,,,,,,,,,,,,,,,,,,,,,,,,,,,,,,,,,,,
,,,,,,,,,,,,,,,,,,,,,,,,,,,,,,,,,,,,,,,
,,,,,,,,,,,,,,,,,,,,,,,,,,,,,,,,,,,,,,,
,,,,,,,,,,,,,,,,,,,,,,,,,,,,,,,,,,,,,,,
,,,,,,,,,,,,,,,,,,,,,,,,,,,,,,,,,,,,,,,
,,,,,,,,,,,,,,,,,,,,,,,,,,,,,,,,,,,,,,,
,,,,,,,,,,,,,,,,,,,,,,,,,,,,,,,,,,,,,,,
,,,,,,,,,,,,,,,,,,,,,,,,,,,,,,,,,,,,,,,
,,,,,,,,,,,,,,,,,,,,,,,,,,,,,,,,,,,,,,,
,,,,,,,,,,,,,,,,,,,,,,,,,,,,,,,,,,,,,,,
,,,,,,,,,,,,,,,,,,,,,,,,,,,,,,,,,,,,,,,
,,,,,,,,,,,,,,,,,,,,,,,,,,,,,,,,,,,,,,,
,,,,,,,,,,,,,,,,,,,,,,,,,,,,,,,,,,,,,,,
,,,,,,,,,,,,,,,,,,,,,,,,,,,,,,,,,,,,,,,
,,,,,,,,,,,,,,,,,,,,,,,,,,,,,,,,,,,,,,,
,,,,,,,,,,,,,,,,,,,,,,,,,,,,,,,,,,,,,,,
,,,,,,,,,,,,,,,,,,,,,,,,,,,,,,,,,,,,,,,
,,,,,,,,,,,,,,,,,,,,,,,,,,,,,,,,,,,,,,,
,,,,,,,,,,,,,,,,,,,,,,,,,,,,,,,,,,,,,,,
,,,,,,,,,,,,,,,,,,,,,,,,,,,,,,,,,,,,,,,
,,,,,,,,,,,,,,,,,,,,,,,,,,,,,,,,,,,,,,,
,,,,,,,,,,,,,,,,,,,,,,,,,,,,,,,,,,,,,,,
,,,,,,,,,,,,,,,,,,,,,,,,,,,,,,,,,,,,,,,
,,,,,,,,,,,,,,,,,,,,,,,,,,,,,,,,,,,,,,,
,,,,,,,,,,,,,,,,,,,,,,,,,,,,,,,,,,,,,,,
,,,,,,,,,,,,,,,,,,,,,,,,,,,,,,,,,,,,,,,
,,,,,,,,,,,,,,,,,,,,,,,,,,,,,,,,,,,,,,,
,,,,,,,,,,,,,,,,,,,,,,,,,,,,,,,,,,,,,,,
,,,,,,,,,,,,,,,,,,,,,,,,,,,,,,,,,,,,,,,
,,,,,,,,,,,,,,,,,,,,,,,,,,,,,,,,,,,,,,,
,,,,,,,,,,,,,,,,,,,,,,,,,,,,,,,,,,,,,,,
,,,,,,,,,,,,,,,,,,,,,,,,,,,,,,,,,,,,,,,
,,,,,,,,,,,,,,,,,,,,,,,,,,,,,,,,,,,,,,,
,,,,,,,,,,,,,,,,,,,,,,,,,,,,,,,,,,,,,,,
,,,,,,,,,,,,,,,,,,,,,,,,,,,,,,,,,,,,,,,
,,,,,,,,,,,,,,,,,,,,,,,,,,,,,,,,,,,,,,,
,,,,,,,,,,,,,,,,,,,,,,,,,,,,,,,,,,,,,,,
,,,,,,,,,,,,,,,,,,,,,,,,,,,,,,,,,,,,,,,
,,,,,,,,,,,,,,,,,,,,,,,,,,,,,,,,,,,,,,,
,,,,,,,,,,,,,,,,,,,,,,,,,,,,,,,,,,,,,,,
,,,,,,,,,,,,,,,,,,,,,,,,,,,,,,,,,,,,,,,
,,,,,,,,,,,,,,,,,,,,,,,,,,,,,,,,,,,,,,,
,,,,,,,,,,,,,,,,,,,,,,,,,,,,,,,,,,,,,,,
,,,,,,,,,,,,,,,,,,,,,,,,,,,,,,,,,,,,,,,
,,,,,,,,,,,,,,,,,,,,,,,,,,,,,,,,,,,,,,,
,,,,,,,,,,,,,,,,,,,,,,,,,,,,,,,,,,,,,,,
,,,,,,,,,,,,,,,,,,,,,,,,,,,,,,,,,,,,,,,
,,,,,,,,,,,,,,,,,,,,,,,,,,,,,,,,,,,,,,,
,,,,,,,,,,,,,,,,,,,,,,,,,,,,,,,,,,,,,,,
,,,,,,,,,,,,,,,,,,,,,,,,,,,,,,,,,,,,,,,
,,,,,,,,,,,,,,,,,,,,,,,,,,,,,,,,,,,,,,,
,,,,,,,,,,,,,,,,,,,,,,,,,,,,,,,,,,,,,,,
,,,,,,,,,,,,,,,,,,,,,,,,,,,,,,,,,,,,,,,
,,,,,,,,,,,,,,,,,,,,,,,,,,,,,,,,,,,,,,,
,,,,,,,,,,,,,,,,,,,,,,,,,,,,,,,,,,,,,,,
,,,,,,,,,,,,,,,,,,,,,,,,,,,,,,,,,,,,,,,
,,,,,,,,,,,,,,,,,,,,,,,,,,,,,,,,,,,,,,,
,,,,,,,,,,,,,,,,,,,,,,,,,,,,,,,,,,,,,,,
,,,,,,,,,,,,,,,,,,,,,,,,,,,,,,,,,,,,,,,
,,,,,,,,,,,,,,,,,,,,,,,,,,,,,,,,,,,,,,,
,,,,,,,,,,,,,,,,,,,,,,,,,,,,,,,,,,,,,,,
,,,,,,,,,,,,,,,,,,,,,,,,,,,,,,,,,,,,,,,
,,,,,,,,,,,,,,,,,,,,,,,,,,,,,,,,,,,,,,,
,,,,,,,,,,,,,,,,,,,,,,,,,,,,,,,,,,,,,,,
,,,,,,,,,,,,,,,,,,,,,,,,,,,,,,,,,,,,,,,
,,,,,,,,,,,,,,,,,,,,,,,,,,,,,,,,,,,,,,,
,,,,,,,,,,,,,,,,,,,,,,,,,,,,,,,,,,,,,,,
,,,,,,,,,,,,,,,,,,,,,,,,,,,,,,,,,,,,,,,
,,,,,,,,,,,,,,,,,,,,,,,,,,,,,,,,,,,,,,,
,,,,,,,,,,,,,,,,,,,,,,,,,,,,,,,,,,,,,,,
,,,,,,,,,,,,,,,,,,,,,,,,,,,,,,,,,,,,,,,
,,,,,,,,,,,,,,,,,,,,,,,,,,,,,,,,,,,,,,,
,,,,,,,,,,,,,,,,,,,,,,,,,,,,,,,,,,,,,,,
,,,,,,,,,,,,,,,,,,,,,,,,,,,,,,,,,,,,,,,
,,,,,,,,,,,,,,,,,,,,,,,,,,,,,,,,,,,,,,,
,,,,,,,,,,,,,,,,,,,,,,,,,,,,,,,,,,,,,,,
,,,,,,,,,,,,,,,,,,,,,,,,,,,,,,,,,,,,,,,
,,,,,,,,,,,,,,,,,,,,,,,,,,,,,,,,,,,,,,,
,,,,,,,,,,,,,,,,,,,,,,,,,,,,,,,,,,,,,,,
,,,,,,,,,,,,,,,,,,,,,,,,,,,,,,,,,,,,,,,
,,,,,,,,,,,,,,,,,,,,,,,,,,,,,,,,,,,,,,,
,,,,,,,,,,,,,,,,,,,,,,,,,,,,,,,,,,,,,,,
,,,,,,,,,,,,,,,,,,,,,,,,,,,,,,,,,,,,,,,
,,,,,,,,,,,,,,,,,,,,,,,,,,,,,,,,,,,,,,,
,,,,,,,,,,,,,,,,,,,,,,,,,,,,,,,,,,,,,,,
,,,,,,,,,,,,,,,,,,,,,,,,,,,,,,,,,,,,,,,
,,,,,,,,,,,,,,,,,,,,,,,,,,,,,,,,,,,,,,,
,,,,,,,,,,,,,,,,,,,,,,,,,,,,,,,,,,,,,,,
,,,,,,,,,,,,,,,,,,,,,,,,,,,,,,,,,,,,,,,
,,,,,,,,,,,,,,,,,,,,,,,,,,,,,,,,,,,,,,,
,,,,,,,,,,,,,,,,,,,,,,,,,,,,,,,,,,,,,,,
,,,,,,,,,,,,,,,,,,,,,,,,,,,,,,,,,,,,,,,
,,,,,,,,,,,,,,,,,,,,,,,,,,,,,,,,,,,,,,,
,,,,,,,,,,,,,,,,,,,,,,,,,,,,,,,,,,,,,,,
,,,,,,,,,,,,,,,,,,,,,,,,,,,,,,,,,,,,,,,
,,,,,,,,,,,,,,,,,,,,,,,,,,,,,,,,,,,,,,,
,,,,,,,,,,,,,,,,,,,,,,,,,,,,,,,,,,,,,,,
,,,,,,,,,,,,,,,,,,,,,,,,,,,,,,,,,,,,,,,
,,,,,,,,,,,,,,,,,,,,,,,,,,,,,,,,,,,,,,,
,,,,,,,,,,,,,,,,,,,,,,,,,,,,,,,,,,,,,,,
,,,,,,,,,,,,,,,,,,,,,,,,,,,,,,,,,,,,,,,
,,,,,,,,,,,,,,,,,,,,,,,,,,,,,,,,,,,,,,,
,,,,,,,,,,,,,,,,,,,,,,,,,,,,,,,,,,,,,,,
,,,,,,,,,,,,,,,,,,,,,,,,,,,,,,,,,,,,,,,
,,,,,,,,,,,,,,,,,,,,,,,,,,,,,,,,,,,,,,,
,,,,,,,,,,,,,,,,,,,,,,,,,,,,,,,,,,,,,,,
,,,,,,,,,,,,,,,,,,,,,,,,,,,,,,,,,,,,,,,
,,,,,,,,,,,,,,,,,,,,,,,,,,,,,,,,,,,,,,,
,,,,,,,,,,,,,,,,,,,,,,,,,,,,,,,,,,,,,,,
,,,,,,,,,,,,,,,,,,,,,,,,,,,,,,,,,,,,,,,
,,,,,,,,,,,,,,,,,,,,,,,,,,,,,,,,,,,,,,,
,,,,,,,,,,,,,,,,,,,,,,,,,,,,,,,,,,,,,,,
,,,,,,,,,,,,,,,,,,,,,,,,,,,,,,,,,,,,,,,
,,,,,,,,,,,,,,,,,,,,,,,,,,,,,,,,,,,,,,,
,,,,,,,,,,,,,,,,,,,,,,,,,,,,,,,,,,,,,,,
,,,,,,,,,,,,,,,,,,,,,,,,,,,,,,,,,,,,,,,
,,,,,,,,,,,,,,,,,,,,,,,,,,,,,,,,,,,,,,,
,,,,,,,,,,,,,,,,,,,,,,,,,,,,,,,,,,,,,,,
,,,,,,,,,,,,,,,,,,,,,,,,,,,,,,,,,,,,,,,
,,,,,,,,,,,,,,,,,,,,,,,,,,,,,,,,,,,,,,,
,,,,,,,,,,,,,,,,,,,,,,,,,,,,,,,,,,,,,,,
,,,,,,,,,,,,,,,,,,,,,,,,,,,,,,,,,,,,,,,
,,,,,,,,,,,,,,,,,,,,,,,,,,,,,,,,,,,,,,,
,,,,,,,,,,,,,,,,,,,,,,,,,,,,,,,,,,,,,,,
,,,,,,,,,,,,,,,,,,,,,,,,,,,,,,,,,,,,,,,
,,,,,,,,,,,,,,,,,,,,,,,,,,,,,,,,,,,,,,,
,,,,,,,,,,,,,,,,,,,,,,,,,,,,,,,,,,,,,,,
,,,,,,,,,,,,,,,,,,,,,,,,,,,,,,,,,,,,,,,
,,,,,,,,,,,,,,,,,,,,,,,,,,,,,,,,,,,,,,,
,,,,,,,,,,,,,,,,,,,,,,,,,,,,,,,,,,,,,,,
,,,,,,,,,,,,,,,,,,,,,,,,,,,,,,,,,,,,,,,
,,,,,,,,,,,,,,,,,,,,,,,,,,,,,,,,,,,,,,,
,,,,,,,,,,,,,,,,,,,,,,,,,,,,,,,,,,,,,,,
,,,,,,,,,,,,,,,,,,,,,,,,,,,,,,,,,,,,,,,
,,,,,,,,,,,,,,,,,,,,,,,,,,,,,,,,,,,,,,,
,,,,,,,,,,,,,,,,,,,,,,,,,,,,,,,,,,,,,,,
,,,,,,,,,,,,,,,,,,,,,,,,,,,,,,,,,,,,,,,
,,,,,,,,,,,,,,,,,,,,,,,,,,,,,,,,,,,,,,,
,,,,,,,,,,,,,,,,,,,,,,,,,,,,,,,,,,,,,,,
,,,,,,,,,,,,,,,,,,,,,,,,,,,,,,,,,,,,,,,
,,,,,,,,,,,,,,,,,,,,,,,,,,,,,,,,,,,,,,,
,,,,,,,,,,,,,,,,,,,,,,,,,,,,,,,,,,,,,,,
,,,,,,,,,,,,,,,,,,,,,,,,,,,,,,,,,,,,,,,
,,,,,,,,,,,,,,,,,,,,,,,,,,,,,,,,,,,,,,,
,,,,,,,,,,,,,,,,,,,,,,,,,,,,,,,,,,,,,,,
,,,,,,,,,,,,,,,,,,,,,,,,,,,,,,,,,,,,,,,
,,,,,,,,,,,,,,,,,,,,,,,,,,,,,,,,,,,,,,,
,,,,,,,,,,,,,,,,,,,,,,,,,,,,,,,,,,,,,,,
,,,,,,,,,,,,,,,,,,,,,,,,,,,,,,,,,,,,,,,
,,,,,,,,,,,,,,,,,,,,,,,,,,,,,,,,,,,,,,,
,,,,,,,,,,,,,,,,,,,,,,,,,,,,,,,,,,,,,,,
,,,,,,,,,,,,,,,,,,,,,,,,,,,,,,,,,,,,,,,
,,,,,,,,,,,,,,,,,,,,,,,,,,,,,,,,,,,,,,,
,,,,,,,,,,,,,,,,,,,,,,,,,,,,,,,,,,,,,,,
,,,,,,,,,,,,,,,,,,,,,,,,,,,,,,,,,,,,,,,
,,,,,,,,,,,,,,,,,,,,,,,,,,,,,,,,,,,,,,,
,,,,,,,,,,,,,,,,,,,,,,,,,,,,,,,,,,,,,,,
,,,,,,,,,,,,,,,,,,,,,,,,,,,,,,,,,,,,,,,
,,,,,,,,,,,,,,,,,,,,,,,,,,,,,,,,,,,,,,,
,,,,,,,,,,,,,,,,,,,,,,,,,,,,,,,,,,,,,,,
,,,,,,,,,,,,,,,,,,,,,,,,,,,,,,,,,,,,,,,
,,,,,,,,,,,,,,,,,,,,,,,,,,,,,,,,,,,,,,,
,,,,,,,,,,,,,,,,,,,,,,,,,,,,,,,,,,,,,,,
,,,,,,,,,,,,,,,,,,,,,,,,,,,,,,,,,,,,,,,
,,,,,,,,,,,,,,,,,,,,,,,,,,,,,,,,,,,,,,,
,,,,,,,,,,,,,,,,,,,,,,,,,,,,,,,,,,,,,,,
,,,,,,,,,,,,,,,,,,,,,,,,,,,,,,,,,,,,,,,
,,,,,,,,,,,,,,,,,,,,,,,,,,,,,,,,,,,,,,,
,,,,,,,,,,,,,,,,,,,,,,,,,,,,,,,,,,,,,,,
,,,,,,,,,,,,,,,,,,,,,,,,,,,,,,,,,,,,,,,
,,,,,,,,,,,,,,,,,,,,,,,,,,,,,,,,,,,,,,,
,,,,,,,,,,,,,,,,,,,,,,,,,,,,,,,,,,,,,,,
,,,,,,,,,,,,,,,,,,,,,,,,,,,,,,,,,,,,,,,
,,,,,,,,,,,,,,,,,,,,,,,,,,,,,,,,,,,,,,,
,,,,,,,,,,,,,,,,,,,,,,,,,,,,,,,,,,,,,,,
,,,,,,,,,,,,,,,,,,,,,,,,,,,,,,,,,,,,,,,
,,,,,,,,,,,,,,,,,,,,,,,,,,,,,,,,,,,,,,,
,,,,,,,,,,,,,,,,,,,,,,,,,,,,,,,,,,,,,,,
,,,,,,,,,,,,,,,,,,,,,,,,,,,,,,,,,,,,,,,
,,,,,,,,,,,,,,,,,,,,,,,,,,,,,,,,,,,,,,,
,,,,,,,,,,,,,,,,,,,,,,,,,,,,,,,,,,,,,,,
,,,,,,,,,,,,,,,,,,,,,,,,,,,,,,,,,,,,,,,
,,,,,,,,,,,,,,,,,,,,,,,,,,,,,,,,,,,,,,,
,,,,,,,,,,,,,,,,,,,,,,,,,,,,,,,,,,,,,,,
,,,,,,,,,,,,,,,,,,,,,,,,,,,,,,,,,,,,,,,
,,,,,,,,,,,,,,,,,,,,,,,,,,,,,,,,,,,,,,,
,,,,,,,,,,,,,,,,,,,,,,,,,,,,,,,,,,,,,,,
,,,,,,,,,,,,,,,,,,,,,,,,,,,,,,,,,,,,,,,
,,,,,,,,,,,,,,,,,,,,,,,,,,,,,,,,,,,,,,,
,,,,,,,,,,,,,,,,,,,,,,,,,,,,,,,,,,,,,,,
,,,,,,,,,,,,,,,,,,,,,,,,,,,,,,,,,,,,,,,
,,,,,,,,,,,,,,,,,,,,,,,,,,,,,,,,,,,,,,,
,,,,,,,,,,,,,,,,,,,,,,,,,,,,,,,,,,,,,,,
,,,,,,,,,,,,,,,,,,,,,,,,,,,,,,,,,,,,,,,
,,,,,,,,,,,,,,,,,,,,,,,,,,,,,,,,,,,,,,,
,,,,,,,,,,,,,,,,,,,,,,,,,,,,,,,,,,,,,,,
,,,,,,,,,,,,,,,,,,,,,,,,,,,,,,,,,,,,,,,
,,,,,,,,,,,,,,,,,,,,,,,,,,,,,,,,,,,,,,,
,,,,,,,,,,,,,,,,,,,,,,,,,,,,,,,,,,,,,,,
,,,,,,,,,,,,,,,,,,,,,,,,,,,,,,,,,,,,,,,
,,,,,,,,,,,,,,,,,,,,,,,,,,,,,,,,,,,,,,,
,,,,,,,,,,,,,,,,,,,,,,,,,,,,,,,,,,,,,,,
,,,,,,,,,,,,,,,,,,,,,,,,,,,,,,,,,,,,,,,
,,,,,,,,,,,,,,,,,,,,,,,,,,,,,,,,,,,,,,,
,,,,,,,,,,,,,,,,,,,,,,,,,,,,,,,,,,,,,,,
,,,,,,,,,,,,,,,,,,,,,,,,,,,,,,,,,,,,,,,
,,,,,,,,,,,,,,,,,,,,,,,,,,,,,,,,,,,,,,,
,,,,,,,,,,,,,,,,,,,,,,,,,,,,,,,,,,,,,,,
,,,,,,,,,,,,,,,,,,,,,,,,,,,,,,,,,,,,,,,
,,,,,,,,,,,,,,,,,,,,,,,,,,,,,,,,,,,,,,,
,,,,,,,,,,,,,,,,,,,,,,,,,,,,,,,,,,,,,,,
,,,,,,,,,,,,,,,,,,,,,,,,,,,,,,,,,,,,,,,
,,,,,,,,,,,,,,,,,,,,,,,,,,,,,,,,,,,,,,,
,,,,,,,,,,,,,,,,,,,,,,,,,,,,,,,,,,,,,,,
,,,,,,,,,,,,,,,,,,,,,,,,,,,,,,,,,,,,,,,
,,,,,,,,,,,,,,,,,,,,,,,,,,,,,,,,,,,,,,,
,,,,,,,,,,,,,,,,,,,,,,,,,,,,,,,,,,,,,,,
,,,,,,,,,,,,,,,,,,,,,,,,,,,,,,,,,,,,,,,
,,,,,,,,,,,,,,,,,,,,,,,,,,,,,,,,,,,,,,,
,,,,,,,,,,,,,,,,,,,,,,,,,,,,,,,,,,,,,,,
,,,,,,,,,,,,,,,,,,,,,,,,,,,,,,,,,,,,,,,
,,,,,,,,,,,,,,,,,,,,,,,,,,,,,,,,,,,,,,,
,,,,,,,,,,,,,,,,,,,,,,,,,,,,,,,,,,,,,,,
,,,,,,,,,,,,,,,,,,,,,,,,,,,,,,,,,,,,,,,
,,,,,,,,,,,,,,,,,,,,,,,,,,,,,,,,,,,,,,,
,,,,,,,,,,,,,,,,,,,,,,,,,,,,,,,,,,,,,,,
,,,,,,,,,,,,,,,,,,,,,,,,,,,,,,,,,,,,,,,
,,,,,,,,,,,,,,,,,,,,,,,,,,,,,,,,,,,,,,,
,,,,,,,,,,,,,,,,,,,,,,,,,,,,,,,,,,,,,,,
,,,,,,,,,,,,,,,,,,,,,,,,,,,,,,,,,,,,,,,
,,,,,,,,,,,,,,,,,,,,,,,,,,,,,,,,,,,,,,,
,,,,,,,,,,,,,,,,,,,,,,,,,,,,,,,,,,,,,,,
,,,,,,,,,,,,,,,,,,,,,,,,,,,,,,,,,,,,,,,
,,,,,,,,,,,,,,,,,,,,,,,,,,,,,,,,,,,,,,,
,,,,,,,,,,,,,,,,,,,,,,,,,,,,,,,,,,,,,,,
,,,,,,,,,,,,,,,,,,,,,,,,,,,,,,,,,,,,,,,
,,,,,,,,,,,,,,,,,,,,,,,,,,,,,,,,,,,,,,,
,,,,,,,,,,,,,,,,,,,,,,,,,,,,,,,,,,,,,,,
,,,,,,,,,,,,,,,,,,,,,,,,,,,,,,,,,,,,,,,
,,,,,,,,,,,,,,,,,,,,,,,,,,,,,,,,,,,,,,,
,,,,,,,,,,,,,,,,,,,,,,,,,,,,,,,,,,,,,,,
,,,,,,,,,,,,,,,,,,,,,,,,,,,,,,,,,,,,,,,
,,,,,,,,,,,,,,,,,,,,,,,,,,,,,,,,,,,,,,,
,,,,,,,,,,,,,,,,,,,,,,,,,,,,,,,,,,,,,,,
,,,,,,,,,,,,,,,,,,,,,,,,,,,,,,,,,,,,,,,
,,,,,,,,,,,,,,,,,,,,,,,,,,,,,,,,,,,,,,,
,,,,,,,,,,,,,,,,,,,,,,,,,,,,,,,,,,,,,,,
,,,,,,,,,,,,,,,,,,,,,,,,,,,,,,,,,,,,,,,
,,,,,,,,,,,,,,,,,,,,,,,,,,,,,,,,,,,,,,,
,,,,,,,,,,,,,,,,,,,,,,,,,,,,,,,,,,,,,,,
,,,,,,,,,,,,,,,,,,,,,,,,,,,,,,,,,,,,,,,
,,,,,,,,,,,,,,,,,,,,,,,,,,,,,,,,,,,,,,,
,,,,,,,,,,,,,,,,,,,,,,,,,,,,,,,,,,,,,,,
,,,,,,,,,,,,,,,,,,,,,,,,,,,,,,,,,,,,,,,
,,,,,,,,,,,,,,,,,,,,,,,,,,,,,,,,,,,,,,,
,,,,,,,,,,,,,,,,,,,,,,,,,,,,,,,,,,,,,,,
,,,,,,,,,,,,,,,,,,,,,,,,,,,,,,,,,,,,,,,
,,,,,,,,,,,,,,,,,,,,,,,,,,,,,,,,,,,,,,,
,,,,,,,,,,,,,,,,,,,,,,,,,,,,,,,,,,,,,,,
,,,,,,,,,,,,,,,,,,,,,,,,,,,,,,,,,,,,,,,
,,,,,,,,,,,,,,,,,,,,,,,,,,,,,,,,,,,,,,,
,,,,,,,,,,,,,,,,,,,,,,,,,,,,,,,,,,,,,,,
,,,,,,,,,,,,,,,,,,,,,,,,,,,,,,,,,,,,,,,
,,,,,,,,,,,,,,,,,,,,,,,,,,,,,,,,,,,,,,,
,,,,,,,,,,,,,,,,,,,,,,,,,,,,,,,,,,,,,,,
,,,,,,,,,,,,,,,,,,,,,,,,,,,,,,,,,,,,,,,
,,,,,,,,,,,,,,,,,,,,,,,,,,,,,,,,,,,,,,,
,,,,,,,,,,,,,,,,,,,,,,,,,,,,,,,,,,,,,,,
,,,,,,,,,,,,,,,,,,,,,,,,,,,,,,,,,,,,,,,
,,,,,,,,,,,,,,,,,,,,,,,,,,,,,,,,,,,,,,,
,,,,,,,,,,,,,,,,,,,,,,,,,,,,,,,,,,,,,,,
,,,,,,,,,,,,,,,,,,,,,,,,,,,,,,,,,,,,,,,
,,,,,,,,,,,,,,,,,,,,,,,,,,,,,,,,,,,,,,,
,,,,,,,,,,,,,,,,,,,,,,,,,,,,,,,,,,,,,,,
,,,,,,,,,,,,,,,,,,,,,,,,,,,,,,,,,,,,,,,
,,,,,,,,,,,,,,,,,,,,,,,,,,,,,,,,,,,,,,,
,,,,,,,,,,,,,,,,,,,,,,,,,,,,,,,,,,,,,,,
,,,,,,,,,,,,,,,,,,,,,,,,,,,,,,,,,,,,,,,
,,,,,,,,,,,,,,,,,,,,,,,,,,,,,,,,,,,,,,,
,,,,,,,,,,,,,,,,,,,,,,,,,,,,,,,,,,,,,,,
,,,,,,,,,,,,,,,,,,,,,,,,,,,,,,,,,,,,,,,
,,,,,,,,,,,,,,,,,,,,,,,,,,,,,,,,,,,,,,,
,,,,,,,,,,,,,,,,,,,,,,,,,,,,,,,,,,,,,,,
,,,,,,,,,,,,,,,,,,,,,,,,,,,,,,,,,,,,,,,
,,,,,,,,,,,,,,,,,,,,,,,,,,,,,,,,,,,,,,,
,,,,,,,,,,,,,,,,,,,,,,,,,,,,,,,,,,,,,,,
,,,,,,,,,,,,,,,,,,,,,,,,,,,,,,,,,,,,,,,
,,,,,,,,,,,,,,,,,,,,,,,,,,,,,,,,,,,,,,,
,,,,,,,,,,,,,,,,,,,,,,,,,,,,,,,,,,,,,,,
,,,,,,,,,,,,,,,,,,,,,,,,,,,,,,,,,,,,,,,
,,,,,,,,,,,,,,,,,,,,,,,,,,,,,,,,,,,,,,,
,,,,,,,,,,,,,,,,,,,,,,,,,,,,,,,,,,,,,,,
,,,,,,,,,,,,,,,,,,,,,,,,,,,,,,,,,,,,,,,
,,,,,,,,,,,,,,,,,,,,,,,,,,,,,,,,,,,,,,,
,,,,,,,,,,,,,,,,,,,,,,,,,,,,,,,,,,,,,,,
,,,,,,,,,,,,,,,,,,,,,,,,,,,,,,,,,,,,,,,
,,,,,,,,,,,,,,,,,,,,,,,,,,,,,,,,,,,,,,,
,,,,,,,,,,,,,,,,,,,,,,,,,,,,,,,,,,,,,,,
,,,,,,,,,,,,,,,,,,,,,,,,,,,,,,,,,,,,,,,
,,,,,,,,,,,,,,,,,,,,,,,,,,,,,,,,,,,,,,,
,,,,,,,,,,,,,,,,,,,,,,,,,,,,,,,,,,,,,,,
,,,,,,,,,,,,,,,,,,,,,,,,,,,,,,,,,,,,,,,
,,,,,,,,,,,,,,,,,,,,,,,,,,,,,,,,,,,,,,,
,,,,,,,,,,,,,,,,,,,,,,,,,,,,,,,,,,,,,,,
,,,,,,,,,,,,,,,,,,,,,,,,,,,,,,,,,,,,,,,
,,,,,,,,,,,,,,,,,,,,,,,,,,,,,,,,,,,,,,,
,,,,,,,,,,,,,,,,,,,,,,,,,,,,,,,,,,,,,,,
,,,,,,,,,,,,,,,,,,,,,,,,,,,,,,,,,,,,,,,
,,,,,,,,,,,,,,,,,,,,,,,,,,,,,,,,,,,,,,,
,,,,,,,,,,,,,,,,,,,,,,,,,,,,,,,,,,,,,,,
,,,,,,,,,,,,,,,,,,,,,,,,,,,,,,,,,,,,,,,
,,,,,,,,,,,,,,,,,,,,,,,,,,,,,,,,,,,,,,,
,,,,,,,,,,,,,,,,,,,,,,,,,,,,,,,,,,,,,,,
,,,,,,,,,,,,,,,,,,,,,,,,,,,,,,,,,,,,,,,
,,,,,,,,,,,,,,,,,,,,,,,,,,,,,,,,,,,,,,,
,,,,,,,,,,,,,,,,,,,,,,,,,,,,,,,,,,,,,,,
,,,,,,,,,,,,,,,,,,,,,,,,,,,,,,,,,,,,,,,
,,,,,,,,,,,,,,,,,,,,,,,,,,,,,,,,,,,,,,,
,,,,,,,,,,,,,,,,,,,,,,,,,,,,,,,,,,,,,,,
,,,,,,,,,,,,,,,,,,,,,,,,,,,,,,,,,,,,,,,
,,,,,,,,,,,,,,,,,,,,,,,,,,,,,,,,,,,,,,,
,,,,,,,,,,,,,,,,,,,,,,,,,,,,,,,,,,,,,,,
,,,,,,,,,,,,,,,,,,,,,,,,,,,,,,,,,,,,,,,
,,,,,,,,,,,,,,,,,,,,,,,,,,,,,,,,,,,,,,,
,,,,,,,,,,,,,,,,,,,,,,,,,,,,,,,,,,,,,,,
,,,,,,,,,,,,,,,,,,,,,,,,,,,,,,,,,,,,,,,
,,,,,,,,,,,,,,,,,,,,,,,,,,,,,,,,,,,,,,,
,,,,,,,,,,,,,,,,,,,,,,,,,,,,,,,,,,,,,,,
,,,,,,,,,,,,,,,,,,,,,,,,,,,,,,,,,,,,,,,
,,,,,,,,,,,,,,,,,,,,,,,,,,,,,,,,,,,,,,,
,,,,,,,,,,,,,,,,,,,,,,,,,,,,,,,,,,,,,,,
,,,,,,,,,,,,,,,,,,,,,,,,,,,,,,,,,,,,,,,
,,,,,,,,,,,,,,,,,,,,,,,,,,,,,,,,,,,,,,,
,,,,,,,,,,,,,,,,,,,,,,,,,,,,,,,,,,,,,,,
,,,,,,,,,,,,,,,,,,,,,,,,,,,,,,,,,,,,,,,
,,,,,,,,,,,,,,,,,,,,,,,,,,,,,,,,,,,,,,,
,,,,,,,,,,,,,,,,,,,,,,,,,,,,,,,,,,,,,,,
,,,,,,,,,,,,,,,,,,,,,,,,,,,,,,,,,,,,,,,
,,,,,,,,,,,,,,,,,,,,,,,,,,,,,,,,,,,,,,,
,,,,,,,,,,,,,,,,,,,,,,,,,,,,,,,,,,,,,,,
,,,,,,,,,,,,,,,,,,,,,,,,,,,,,,,,,,,,,,,
,,,,,,,,,,,,,,,,,,,,,,,,,,,,,,,,,,,,,,,
,,,,,,,,,,,,,,,,,,,,,,,,,,,,,,,,,,,,,,,
,,,,,,,,,,,,,,,,,,,,,,,,,,,,,,,,,,,,,,,
,,,,,,,,,,,,,,,,,,,,,,,,,,,,,,,,,,,,,,,
,,,,,,,,,,,,,,,,,,,,,,,,,,,,,,,,,,,,,,,
,,,,,,,,,,,,,,,,,,,,,,,,,,,,,,,,,,,,,,,
,,,,,,,,,,,,,,,,,,,,,,,,,,,,,,,,,,,,,,,
,,,,,,,,,,,,,,,,,,,,,,,,,,,,,,,,,,,,,,,
,,,,,,,,,,,,,,,,,,,,,,,,,,,,,,,,,,,,,,,
,,,,,,,,,,,,,,,,,,,,,,,,,,,,,,,,,,,,,,,
,,,,,,,,,,,,,,,,,,,,,,,,,,,,,,,,,,,,,,,
,,,,,,,,,,,,,,,,,,,,,,,,,,,,,,,,,,,,,,,
,,,,,,,,,,,,,,,,,,,,,,,,,,,,,,,,,,,,,,,
,,,,,,,,,,,,,,,,,,,,,,,,,,,,,,,,,,,,,,,
,,,,,,,,,,,,,,,,,,,,,,,,,,,,,,,,,,,,,,,
,,,,,,,,,,,,,,,,,,,,,,,,,,,,,,,,,,,,,,,
,,,,,,,,,,,,,,,,,,,,,,,,,,,,,,,,,,,,,,,
,,,,,,,,,,,,,,,,,,,,,,,,,,,,,,,,,,,,,,,
,,,,,,,,,,,,,,,,,,,,,,,,,,,,,,,,,,,,,,,
,,,,,,,,,,,,,,,,,,,,,,,,,,,,,,,,,,,,,,,
,,,,,,,,,,,,,,,,,,,,,,,,,,,,,,,,,,,,,,,
,,,,,,,,,,,,,,,,,,,,,,,,,,,,,,,,,,,,,,,
,,,,,,,,,,,,,,,,,,,,,,,,,,,,,,,,,,,,,,,
,,,,,,,,,,,,,,,,,,,,,,,,,,,,,,,,,,,,,,,
,,,,,,,,,,,,,,,,,,,,,,,,,,,,,,,,,,,,,,,
,,,,,,,,,,,,,,,,,,,,,,,,,,,,,,,,,,,,,,,
,,,,,,,,,,,,,,,,,,,,,,,,,,,,,,,,,,,,,,,
,,,,,,,,,,,,,,,,,,,,,,,,,,,,,,,,,,,,,,,
,,,,,,,,,,,,,,,,,,,,,,,,,,,,,,,,,,,,,,,
,,,,,,,,,,,,,,,,,,,,,,,,,,,,,,,,,,,,,,,
,,,,,,,,,,,,,,,,,,,,,,,,,,,,,,,,,,,,,,,
,,,,,,,,,,,,,,,,,,,,,,,,,,,,,,,,,,,,,,,
,,,,,,,,,,,,,,,,,,,,,,,,,,,,,,,,,,,,,,,
,,,,,,,,,,,,,,,,,,,,,,,,,,,,,,,,,,,,,,,
,,,,,,,,,,,,,,,,,,,,,,,,,,,,,,,,,,,,,,,
,,,,,,,,,,,,,,,,,,,,,,,,,,,,,,,,,,,,,,,
,,,,,,,,,,,,,,,,,,,,,,,,,,,,,,,,,,,,,,,
,,,,,,,,,,,,,,,,,,,,,,,,,,,,,,,,,,,,,,,
,,,,,,,,,,,,,,,,,,,,,,,,,,,,,,,,,,,,,,,
,,,,,,,,,,,,,,,,,,,,,,,,,,,,,,,,,,,,,,,
,,,,,,,,,,,,,,,,,,,,,,,,,,,,,,,,,,,,,,,
,,,,,,,,,,,,,,,,,,,,,,,,,,,,,,,,,,,,,,,
,,,,,,,,,,,,,,,,,,,,,,,,,,,,,,,,,,,,,,,
,,,,,,,,,,,,,,,,,,,,,,,,,,,,,,,,,,,,,,,
,,,,,,,,,,,,,,,,,,,,,,,,,,,,,,,,,,,,,,,
,,,,,,,,,,,,,,,,,,,,,,,,,,,,,,,,,,,,,,,
,,,,,,,,,,,,,,,,,,,,,,,,,,,,,,,,,,,,,,,
,,,,,,,,,,,,,,,,,,,,,,,,,,,,,,,,,,,,,,,
,,,,,,,,,,,,,,,,,,,,,,,,,,,,,,,,,,,,,,,
,,,,,,,,,,,,,,,,,,,,,,,,,,,,,,,,,,,,,,,
,,,,,,,,,,,,,,,,,,,,,,,,,,,,,,,,,,,,,,,
,,,,,,,,,,,,,,,,,,,,,,,,,,,,,,,,,,,,,,,
,,,,,,,,,,,,,,,,,,,,,,,,,,,,,,,,,,,,,,,
,,,,,,,,,,,,,,,,,,,,,,,,,,,,,,,,,,,,,,,
,,,,,,,,,,,,,,,,,,,,,,,,,,,,,,,,,,,,,,,
,,,,,,,,,,,,,,,,,,,,,,,,,,,,,,,,,,,,,,,
,,,,,,,,,,,,,,,,,,,,,,,,,,,,,,,,,,,,,,,
,,,,,,,,,,,,,,,,,,,,,,,,,,,,,,,,,,,,,,,
,,,,,,,,,,,,,,,,,,,,,,,,,,,,,,,,,,,,,,,
,,,,,,,,,,,,,,,,,,,,,,,,,,,,,,,,,,,,,,,
,,,,,,,,,,,,,,,,,,,,,,,,,,,,,,,,,,,,,,,
,,,,,,,,,,,,,,,,,,,,,,,,,,,,,,,,,,,,,,,
,,,,,,,,,,,,,,,,,,,,,,,,,,,,,,,,,,,,,,,
,,,,,,,,,,,,,,,,,,,,,,,,,,,,,,,,,,,,,,,
,,,,,,,,,,,,,,,,,,,,,,,,,,,,,,,,,,,,,,,
,,,,,,,,,,,,,,,,,,,,,,,,,,,,,,,,,,,,,,,
,,,,,,,,,,,,,,,,,,,,,,,,,,,,,,,,,,,,,,,
,,,,,,,,,,,,,,,,,,,,,,,,,,,,,,,,,,,,,,,
,,,,,,,,,,,,,,,,,,,,,,,,,,,,,,,,,,,,,,,
,,,,,,,,,,,,,,,,,,,,,,,,,,,,,,,,,,,,,,,
,,,,,,,,,,,,,,,,,,,,,,,,,,,,,,,,,,,,,,,
,,,,,,,,,,,,,,,,,,,,,,,,,,,,,,,,,,,,,,,
,,,,,,,,,,,,,,,,,,,,,,,,,,,,,,,,,,,,,,,
,,,,,,,,,,,,,,,,,,,,,,,,,,,,,,,,,,,,,,,
,,,,,,,,,,,,,,,,,,,,,,,,,,,,,,,,,,,,,,,
